Planet	Show_Name	ID	X	Y	Z	Terrain	ZTI	Model	Scale	Income	Income_D	C_Reward	Popcap	Land_B	Space_B	Starbase	Surface	L_Map	S_Map	Slice_R	Slice_T	BM_Mod	Text_Pop	Text_WL	Text_Ter	Text_Wea	Text_Tac	Text_Adv	Text_Hist	Ab_Text	Ab_Desc	Text_Enc	W_Icon	W_Name	W_Info	Ab_Icon	Native	
Galaxy_Core_Art_Model	No		0.0	0.0	0.0			W_GALAXY00.alo	1.0	15						0																						
Abhean	Yes	TEXT_OBJECT_STAR_SYSTEM_ABHEAN	692.0	273.0	10.0	Temperate	0	w_planet_sphere_temperate01.alo	1.0	150	15	250	10	6	4	5	Yes	_land_planet_wayland_02.ted	space_Temperate01_ROTE.ted	4	4	800							TEXT_PLANET_ZYGERRIA_INFO_HIS_01									
Abridon	Yes	TEXT_OBJECT_STAR_SYSTEM_ABRIDON	55.0	-1042.0	10.0	Temperate	0	w_planet_sphere_abridon.alo	1.0	150	15	250	10	6	4	5	Yes	_land_planet_wayland_02.ted	space_Zygerria_ROTE.ted	4	4	800							TEXT_PLANET_ZYGERRIA_INFO_HIS_01									
Aguarl	Yes	TEXT_OBJECT_STAR_SYSTEM_AGUARL	339.0	-502.0	10.0	Temperate	0	w_planet_sphere_temperate02.alo	1.0	150	15	250	10	6	4	5	Yes	_land_planet_wayland_02.ted	space_Temperate02_ROTE.ted	4	4	800							TEXT_PLANET_ZYGERRIA_INFO_HIS_01									
Ajan_Kloss	Yes	TEXT_OBJECT_STAR_SYSTEM_AJAN_KLOSS	116.0	459.0	10.0	Temperate	0	w_planet_sphere_ajan_kloss.alo	1.0	150	15	250	10	6	4	5	Yes	_land_planet_wayland_02.ted	space_Zygerria_ROTE.ted	4	4	800							TEXT_PLANET_ZYGERRIA_INFO_HIS_01									
Akuria	Yes	TEXT_OBJECT_STAR_SYSTEM_AKURIA	60.0	610.0	10.0	Arctic	0	w_planet_sphere_ice.alo	1.0	150	15	250	10	6	4	5	Yes	_land_planet_wayland_02.ted	space_Ice_ROTE.ted	4	4	800							TEXT_PLANET_ZYGERRIA_INFO_HIS_01									
Alagon	Yes	TEXT_OBJECT_STAR_SYSTEM_ALAGON	610.0	247.0	10.0	Temperate	0	w_planet_sphere_temperate03.alo	1.0	150	15	250	10	6	4	5	Yes	_land_planet_wayland_02.ted	space_Temperate03_ROTE.ted	4	4	800							TEXT_PLANET_ZYGERRIA_INFO_HIS_01									
Amrac	Yes	TEXT_OBJECT_STAR_SYSTEM_AMRAC	-247.0	416.0	10.0	Temperate	0	w_planet_sphere_temperate04.alo	1.0	150	15	250	10	6	4	5	Yes	_land_planet_wayland_02.ted	space_Temperate04_ROTE.ted	4	4	800							TEXT_PLANET_ZYGERRIA_INFO_HIS_01									
Ando	Yes	TEXT_OBJECT_STAR_SYSTEM_ANDO	547.0	-629.0	10.0	Temperate	0	w_planet_sphere_ando.alo	1.0	150	15	250	10	6	4	5	Yes	_land_planet_wayland_02.ted	space_Zygerria_ROTE.ted	4	4	800							TEXT_PLANET_ZYGERRIA_INFO_HIS_01									
Ansion	Yes	TEXT_OBJECT_STAR_SYSTEM_ANSION	-201.0	350.0	10.0	Temperate	0	w_planet_sphere_ansion.alo	1.0	150	15	250	10	6	4	5	Yes	_land_planet_wayland_02.ted	space_Zygerria_ROTE.ted	4	4	800							TEXT_PLANET_ZYGERRIA_INFO_HIS_01									
Antemeridias	Yes	TEXT_OBJECT_STAR_SYSTEM_ANTEMERIDIAS	721.0	329.0	10.0	Temperate	0	w_planet_sphere_temperate01.alo	1.0	150	15	250	10	6	4	5	Yes	_land_planet_wayland_02.ted	space_Temperate01_ROTE.ted	4	4	800							TEXT_PLANET_ZYGERRIA_INFO_HIS_01									
Ardis	Yes	TEXT_OBJECT_STAR_SYSTEM_ARDIS	-393.0	268.0	10.0	Arctic	0	w_planet_sphere_ice01.alo	1.0	150	15	250	10	6	4	5	Yes	_land_planet_wayland_02.ted	space_Ice01_ROTE.ted	4	4	800							TEXT_PLANET_ZYGERRIA_INFO_HIS_01									
Aridus	Yes	TEXT_OBJECT_STAR_SYSTEM_ARIDUS	447.0	-331.0	10.0	Desert	0	w_planet_sphere_desert.alo	1.0	150	15	250	10	6	4	5	Yes	_land_planet_wayland_02.ted	space_Desert_ROTE.ted	4	4	800							TEXT_PLANET_ZYGERRIA_INFO_HIS_01									
Artesia	Yes	TEXT_OBJECT_STAR_SYSTEM_ARTESIA	570.0	-75.0	10.0	Forest	0	w_planet_sphere_artesia.alo	1.0	150	15	250	10	7	4	5	Yes	_land_planet_jabiim_02.ted	space_BozPity_ROTE.ted	5	5	800							TEXT_PLANET_BOZPITY_INFO_HIS_01									
Aturi	Yes	TEXT_OBJECT_STAR_SYSTEM_ATURI	461.0	-956.0	10.0	Temperate	0	w_planet_sphere_temperate02.alo	1.0	150	15	250	10	6	4	5	Yes	_land_planet_wayland_02.ted	space_Temperate02_ROTE.ted	4	4	800							TEXT_PLANET_ZYGERRIA_INFO_HIS_01									
Bajic	Yes	TEXT_OBJECT_STAR_SYSTEM_BAJIC	543.0	960.0	10.0	Temperate	0	W_planet_Asteroids.alo	1.0	85	7	250	10	0	4	5	No		space_Asteroids_ROTE.ted	5	0	1000							TEXT_PLANET_VERGESSO_INFO_HIS									
Balamak	Yes	TEXT_OBJECT_STAR_SYSTEM_BALAMAK	635.0	133.0	10.0	Temperate	0	w_planet_sphere_ocean.alo	1.0	150	15	250	10	6	4	5	Yes	_land_planet_wayland_02.ted	space_Ocean_ROTE.ted	4	4	800							TEXT_PLANET_ZYGERRIA_INFO_HIS_01									
Bannistar	Yes	TEXT_OBJECT_STAR_SYSTEM_BANNISTAR	455.0	575.0	10.0	Temperate	0	w_planet_sphere_temperate03.alo	1.0	150	15	250	10	6	4	5	Yes	_land_planet_wayland_02.ted	space_Temperate03_ROTE.ted	4	4	800							TEXT_PLANET_ZYGERRIA_INFO_HIS_01									
Barab	Yes	TEXT_OBJECT_STAR_SYSTEM_BARAB	978.0	-230.0	10.0	Temperate	0	w_planet_sphere_barab.alo	1.0	150	15	250	10	6	4	5	Yes	_land_planet_wayland_02.ted	space_Zygerria_ROTE.ted	4	4	800							TEXT_PLANET_ZYGERRIA_INFO_HIS_01									
Barlok	Yes	TEXT_OBJECT_STAR_SYSTEM_BARLOK	70.0	217.0	10.0	Temperate	0	w_planet_sphere_swamp.alo	1.0	150	15	250	10	6	4	5	Yes	_land_planet_wayland_02.ted	space_Swamp_ROTE.ted	4	4	800							TEXT_PLANET_ZYGERRIA_INFO_HIS_01									
Bassadro	Yes	TEXT_OBJECT_STAR_SYSTEM_BASSADRO	111.0	-255.0	10.0	Temperate	0	w_planet_sphere_vulcanic01.alo	1.0	150	15	250	10	6	4	5	Yes	_land_planet_wayland_02.ted	space_Vulcanic01_ROTE.ted	4	4	800							TEXT_PLANET_ZYGERRIA_INFO_HIS_01									
Batuu	Yes	TEXT_OBJECT_STAR_SYSTEM_BATUU	-298.0	-541.0	10.0	Temperate	0	w_planet_sphere_batuu.alo	1.0	150	15	250	10	6	4	5	Yes	_land_planet_wayland_02.ted	space_Zygerria_ROTE.ted	4	4	800							TEXT_PLANET_ZYGERRIA_INFO_HIS_01									
Begeren	Yes	TEXT_OBJECT_STAR_SYSTEM_BEGEREN	686.0	607.0	10.0	Temperate	0	w_planet_sphere_desert01.alo	1.0	150	15	250	10	6	4	5	Yes	_land_planet_wayland_02.ted	space_Desert01_ROTE.ted	4	4	800							TEXT_PLANET_ZYGERRIA_INFO_HIS_01									
Belgaroth	Yes	TEXT_OBJECT_STAR_SYSTEM_BELGAROTH	0.0	-217.0	10.0	Temperate	0	w_planet_sphere_belgaroth.alo	1.0	150	15	250	10	6	4	5	Yes	_land_planet_wayland_02.ted	space_Zygerria_ROTE.ted	4	4	800							TEXT_PLANET_ZYGERRIA_INFO_HIS_01									
Belsmuth	Yes	TEXT_OBJECT_STAR_SYSTEM_BELSMUTH	410.0	380.0	10.0	Temperate	0	w_planet_sphere_temperate04.alo	1.0	150	15	250	10	6	4	5	Yes	_land_planet_wayland_02.ted	space_Temperate04_ROTE.ted	4	4	800							TEXT_PLANET_ZYGERRIA_INFO_HIS_01									
Bescane	Yes	TEXT_OBJECT_STAR_SYSTEM_BESCANE	-60.0	775.0	10.0	Temperate	0	w_planet_sphere_eriadu01.alo	1.0	150	15	250	10	6	4	5	Yes	_land_planet_wayland_02.ted	space_Eriadu01_ROTE.ted	4	4	800							TEXT_PLANET_ZYGERRIA_INFO_HIS_01									
Bomis_Koori	Yes	TEXT_OBJECT_STAR_SYSTEM_BOMIS_KOORI	141.0	-739.0	10.0	Temperate	0	w_planet_sphere_temperate01.alo	1.0	150	15	250	10	6	4	5	Yes	_land_planet_wayland_02.ted	space_Zygerria_ROTE.ted	4	4	800							TEXT_PLANET_ZYGERRIA_INFO_HIS_01									
Bompreil	Yes	TEXT_OBJECT_STAR_SYSTEM_BOMPREIL	487.0	358.0	10.0	Temperate	0	W_planet_Asteroids.alo	1.0	85	7	250	10	0	4	5	No		space_Asteroids_ROTE.ted	5	0	1000							TEXT_PLANET_VERGESSO_INFO_HIS									
Bormus	Yes	TEXT_OBJECT_STAR_SYSTEM_BORMUS	266.0	-745.0	10.0	Temperate	0	w_planet_sphere_ice02.alo	1.0	150	15	250	10	6	4	5	Yes	_land_planet_wayland_02.ted	space_Ice02_ROTE.ted	4	4	800							TEXT_PLANET_ZYGERRIA_INFO_HIS_01									
Brigia	Yes	TEXT_OBJECT_STAR_SYSTEM_BRIGIA	947.0	433.0	10.0	Temperate	0	w_planet_sphere_temperate01.alo	1.0	150	15	250	10	6	4	5	Yes	_land_planet_wayland_02.ted	space_Temperate01_ROTE.ted	4	4	800							TEXT_PLANET_ZYGERRIA_INFO_HIS_01									
Caamas	Yes	TEXT_OBJECT_STAR_SYSTEM_CAAMAS	232.0	83.0	10.0	Temperate	0	w_planet_sphere_caamas.alo	1.0	150	15	250	10	6	4	5	Yes	_land_planet_wayland_02.ted	space_Zygerria_ROTE.ted	4	4	800							TEXT_PLANET_ZYGERRIA_INFO_HIS_01									
Cal_Seti	Yes	TEXT_OBJECT_STAR_SYSTEM_CAL_SETI	-83.0	8.0	10.0	Temperate	0	w_planet_sphere_forest01.alo	1.0	150	15	250	10	6	4	5	Yes	_land_planet_wayland_02.ted	space_Forest01_ROTE.ted	4	4	800							TEXT_PLANET_ZYGERRIA_INFO_HIS_01									
Calonica	Yes	TEXT_OBJECT_STAR_SYSTEM_CALONICA	156.0	-683.0	10.0	Temperate	0	W_planet_Asteroids.alo	1.0	85	7	250	10	0	4	5	No		space_Asteroids_ROTE.ted	5	0	1000							TEXT_PLANET_VERGESSO_INFO_HIS									
Carosi	Yes	TEXT_OBJECT_STAR_SYSTEM_CAROSI	502.0	672.0	10.0	Temperate	0	w_planet_sphere_ice03.alo	1.0	150	15	250	10	6	4	5	Yes	_land_planet_wayland_02.ted	space_Ice03_ROTE.ted	4	4	800							TEXT_PLANET_ZYGERRIA_INFO_HIS_01									
Carrivar	Yes	TEXT_OBJECT_STAR_SYSTEM_CARRIVAR	-416.0	120.0	10.0	Temperate	0	W_planet_Asteroids.alo	1.0	85	7	250	10	0	4	5	No		space_Asteroids_ROTE.ted	5	0	1000							TEXT_PLANET_VERGESSO_INFO_HIS									
Castell	Yes	TEXT_OBJECT_STAR_SYSTEM_CASTELL	247.0	214.0	10.0	Temperate	0	w_planet_sphere_urban.alo	1.0	150	15	250	10	6	4	5	Yes	_land_planet_wayland_02.ted	space_Zygerria_ROTE.ted	4	4	800							TEXT_PLANET_ZYGERRIA_INFO_HIS_01									
Celwis	Yes	TEXT_OBJECT_STAR_SYSTEM_CELWIS	-425.0	199.0	10.0	Temperate	0	w_planet_sphere_ice03.alo	1.0	150	15	250	10	6	4	5	Yes	_land_planet_wayland_02.ted	space_Zygerria_ROTE.ted	4	4	800							TEXT_PLANET_ZYGERRIA_INFO_HIS_01									
Centares	Yes	TEXT_OBJECT_STAR_SYSTEM_CENTARES	704.0	300.0	10.0	Temperate	0	w_planet_sphere_centares.alo	1.0	150	15	250	10	6	4	5	Yes	_land_planet_wayland_02.ted	space_Zygerria_ROTE.ted	4	4	800							TEXT_PLANET_ZYGERRIA_INFO_HIS_01									
Cerea	Yes	TEXT_OBJECT_STAR_SYSTEM_CEREA	-120.0	-724.0	10.0	Temperate	0	w_planet_sphere_cerea.alo	1.0	150	15	250	10	6	4	5	Yes	_land_planet_wayland_02.ted	space_Zygerria_ROTE.ted	4	4	800							TEXT_PLANET_ZYGERRIA_INFO_HIS_01									
Champala	Yes	TEXT_OBJECT_STAR_SYSTEM_CHAMPALA	189.0	219.0	10.0	Temperate	0	w_planet_sphere_champala.alo	1.0	150	15	250	10	6	4	5	Yes	_land_planet_wayland_02.ted	space_Zygerria_ROTE.ted	4	4	800							TEXT_PLANET_ZYGERRIA_INFO_HIS_01									
Chardaan	Yes	TEXT_OBJECT_STAR_SYSTEM_CHARDAAN	330.0	-296.0	10.0	Temperate	0	w_planet_sphere_forest02.alo	1.0	150	15	250	10	6	4	5	Yes	_land_planet_wayland_02.ted	space_Forest02_ROTE.ted	4	4	800							TEXT_PLANET_ZYGERRIA_INFO_HIS_01									
Charros	Yes	TEXT_OBJECT_STAR_SYSTEM_CHARROS	672.0	158.0	10.0	Temperate	0	w_planet_sphere_temperate02.alo	1.0	150	15	250	10	6	4	5	Yes	_land_planet_wayland_02.ted	space_Temperate02_ROTE.ted	4	4	800							TEXT_PLANET_ZYGERRIA_INFO_HIS_01									
Charubah	Yes	TEXT_OBJECT_STAR_SYSTEM_CHARUBAH	348.0	184.0	10.0	Temperate	0	w_planet_sphere_temperate03.alo	1.0	150	15	250	10	6	4	5	Yes	_land_planet_wayland_02.ted	space_Temperate03_ROTE.ted	4	4	800							TEXT_PLANET_ZYGERRIA_INFO_HIS_01									
Chasin	Yes	TEXT_OBJECT_STAR_SYSTEM_CHASIN	234.0	-139.0	10.0	Temperate	0	w_planet_sphere_urban01.alo	1.0	150	15	250	10	6	4	5	Yes	_land_planet_wayland_02.ted	space_Zygerria_ROTE.ted	4	4	800							TEXT_PLANET_ZYGERRIA_INFO_HIS_01									
Ciutric	Yes	TEXT_OBJECT_STAR_SYSTEM_CIUTRIC	300.0	584.0	10.0	Temperate	0	w_planet_sphere_ciutric.alo	1.0	150	15	250	10	6	4	5	Yes	_land_planet_wayland_02.ted	space_Zygerria_ROTE.ted	4	4	800							TEXT_PLANET_ZYGERRIA_INFO_HIS_01									
Columex	Yes	TEXT_OBJECT_STAR_SYSTEM_COLUMEX	744.0	387.0	10.0	Temperate	0	w_planet_sphere_urban.alo	1.0	150	15	250	10	6	4	5	Yes	_land_planet_wayland_02.ted	space_Zygerria_ROTE.ted	4	4	800							TEXT_PLANET_ZYGERRIA_INFO_HIS_01									
Columus	Yes	TEXT_OBJECT_STAR_SYSTEM_COLUMUS	204.0	-49.0	10.0	Temperate	0	w_planet_sphere_forest03.alo	1.0	150	15	250	10	6	4	5	Yes	_land_planet_wayland_02.ted	space_Forest03_ROTE.ted	4	4	800							TEXT_PLANET_ZYGERRIA_INFO_HIS_01									
Comra	Yes	TEXT_OBJECT_STAR_SYSTEM_COMRA	-193.0	481.0	10.0	Temperate	0	w_planet_sphere_swamp01.alo	1.0	150	15	250	10	6	4	5	Yes	_land_planet_wayland_02.ted	space_Swamp01_ROTE.ted	4	4	800							TEXT_PLANET_ZYGERRIA_INFO_HIS_01									
Concord_Dawn	Yes	TEXT_OBJECT_STAR_SYSTEM_CONCORD_DAWN	393.0	257.0	10.0	Temperate	0	w_planet_sphere_concord_dawn.alo	1.0	150	15	250	10	6	4	5	Yes	_land_planet_wayland_02.ted	space_Zygerria_ROTE.ted	4	4	800							TEXT_PLANET_ZYGERRIA_INFO_HIS_01									
Contruum	Yes	TEXT_OBJECT_STAR_SYSTEM_CONTRUUM	434.0	173.0	10.0	Temperate	0	w_planet_sphere_swamp02.alo	1.0	150	15	250	10	6	4	5	Yes	_land_planet_wayland_02.ted	space_Swamp02_ROTE.ted	4	4	800							TEXT_PLANET_ZYGERRIA_INFO_HIS_01									
Corsin	Yes	TEXT_OBJECT_STAR_SYSTEM_CORSIN	251.0	277.0	10.0	Temperate	0	w_planet_sphere_corsin.alo	1.0	150	15	250	10	6	4	5	Yes	_land_planet_wayland_02.ted	space_Zygerria_ROTE.ted	4	4	800							TEXT_PLANET_ZYGERRIA_INFO_HIS_01									
Crustai	Yes	TEXT_OBJECT_STAR_SYSTEM_CRUSTAI	-323.0	209.0	10.0	Temperate	0	w_planet_sphere_swamp03.alo	1.0	150	15	250	10	6	4	5	Yes	_land_planet_wayland_02.ted	space_Swamp03_ROTE.ted	4	4	800							TEXT_PLANET_ZYGERRIA_INFO_HIS_01									
Cularin	Yes	TEXT_OBJECT_STAR_SYSTEM_CULARIN	458.0	-414.0	10.0	Temperate	0	w_planet_sphere_cularin.alo	1.0	150	15	250	10	6	4	5	Yes	_land_planet_wayland_02.ted	space_Zygerria_ROTE.ted	4	4	800							TEXT_PLANET_ZYGERRIA_INFO_HIS_01									
Daalang	Yes	TEXT_OBJECT_STAR_SYSTEM_DAALANG	629.0	-179.0	10.0	Temperate	0	w_planet_sphere_daalang.alo	1.0	150	15	250	10	6	4	5	Yes	_land_planet_wayland_02.ted	space_Zygerria_ROTE.ted	4	4	800							TEXT_PLANET_ZYGERRIA_INFO_HIS_01									
Randon	Yes	TEXT_OBJECT_STAR_SYSTEM_RANDON	611.0	9.0	10.0	Temperate	0	w_planet_sphere_randon.alo	1.0	150	15	250	10	6	4	5	Yes	_land_planet_wayland_02.ted	space_Zygerria_ROTE.ted	4	4	800							TEXT_PLANET_ZYGERRIA_INFO_HIS_01									
Dalron	Yes	TEXT_OBJECT_STAR_SYSTEM_DALRON	-143.0	398.0	10.0	Temperate	0	W_planet_Asteroids.alo	1.0	85	7	250	10	0	4	5	No		space_Asteroids_ROTE.ted	5	0	1000							TEXT_PLANET_VERGESSO_INFO_HIS									
Darkon	Yes	TEXT_OBJECT_STAR_SYSTEM_DARKON	-118.0	298.0	10.0	Temperate	0	w_planet_sphere_temperate04.alo	1.0	150	15	250	10	6	4	5	Yes	_land_planet_wayland_02.ted	space_Temperate04_ROTE.ted	4	4	800							TEXT_PLANET_ZYGERRIA_INFO_HIS_01									
Dellalt	Yes	TEXT_OBJECT_STAR_SYSTEM_DELLALT	974.0	373.0	10.0	Temperate	0	w_planet_sphere_dellalt.alo	1.0	150	15	250	10	6	4	5	Yes	_land_planet_wayland_02.ted	space_Zygerria_ROTE.ted	4	4	800							TEXT_PLANET_ZYGERRIA_INFO_HIS_01									
Denon	Yes	TEXT_OBJECT_STAR_SYSTEM_DENON	259.0	-217.0	10.0	Temperate	0	w_planet_sphere_urban01.alo	1.0	150	15	250	10	6	4	5	Yes	_land_planet_wayland_02.ted	space_Zygerria_ROTE.ted	4	4	800							TEXT_PLANET_ZYGERRIA_INFO_HIS_01									
Derellium	Yes	TEXT_OBJECT_STAR_SYSTEM_DERELLIUM	899.0	429.0	10.0	Temperate	0	w_planet_sphere_desert02.alo	1.0	150	15	250	10	6	4	5	Yes	_land_planet_wayland_02.ted	space_Desert02_ROTE.ted	4	4	800							TEXT_PLANET_ZYGERRIA_INFO_HIS_01									
Desevro	Yes	TEXT_OBJECT_STAR_SYSTEM_DESEVRO	829.0	530.0	10.0	Temperate	0	w_planet_sphere_desevro.alo	1.0	150	15	250	10	6	4	5	Yes	_land_planet_wayland_02.ted	space_Zygerria_ROTE.ted	4	4	800							TEXT_PLANET_ZYGERRIA_INFO_HIS_01									
Druckenwell	Yes	TEXT_OBJECT_STAR_SYSTEM_DRUCKENWELL	478.0	-528.0	10.0	Temperate	0	w_planet_sphere_druckenwell.alo	1.0	150	15	250	10	6	4	5	Yes	_land_planet_wayland_02.ted	space_Zygerria_ROTE.ted	4	4	800							TEXT_PLANET_ZYGERRIA_INFO_HIS_01									
Dorin	Yes	TEXT_OBJECT_STAR_SYSTEM_DORIN	-101.0	265.0	10.0	Temperate	0	w_planet_sphere_dorin.alo	1.0	150	15	250	10	6	4	5	Yes	_land_planet_wayland_02.ted	space_Zygerria_ROTE.ted	4	4	800							TEXT_PLANET_ZYGERRIA_INFO_HIS_01									
Dubrillion	Yes	TEXT_OBJECT_STAR_SYSTEM_DUBRILLION	18.0	833.0	10.0	Temperate	0	w_planet_sphere_dubrillion.alo	1.0	150	15	250	10	6	4	5	Yes	_land_planet_wayland_02.ted	space_Zygerria_ROTE.ted	4	4	800							TEXT_PLANET_ZYGERRIA_INFO_HIS_01									
Ebaq	Yes	TEXT_OBJECT_STAR_SYSTEM_EBAQ	159.0	-72.0	10.0	Temperate	0	w_planet_sphere_desert03.alo	1.0	150	15	250	10	6	4	5	Yes	_land_planet_wayland_02.ted	space_Desert03_ROTE.ted	4	4	800							TEXT_PLANET_ZYGERRIA_INFO_HIS_01									
Emberlene	Yes	TEXT_OBJECT_STAR_SYSTEM_EMBERLENE	537.0	-165.0	10.0	Temperate	0	w_planet_sphere_temperate.alo	1.0	150	15	250	10	6	4	5	Yes	_land_planet_wayland_02.ted	space_Temperate_ROTE.ted	4	4	800							TEXT_PLANET_ZYGERRIA_INFO_HIS_01									
Empress_Teta	Yes	TEXT_OBJECT_STAR_SYSTEM_EMPRESS_TETA	37.0	-14.0	10.0	Temperate	0	w_planet_sphere_urban.alo	1.0	150	15	250	10	6	4	5	Yes	_land_planet_wayland_02.ted	space_Zygerria_ROTE.ted	4	4	800							TEXT_PLANET_ZYGERRIA_INFO_HIS_01									
Enarc	Yes	TEXT_OBJECT_STAR_SYSTEM_ENARC	470.0	-812.0	10.0	Temperate	0	w_planet_sphere_temperate01.alo	1.0	150	15	250	10	6	4	5	Yes	_land_planet_wayland_02.ted	space_Temperate01_ROTE.ted	4	4	800							TEXT_PLANET_ZYGERRIA_INFO_HIS_01									
Entralla	Yes	TEXT_OBJECT_STAR_SYSTEM_ENTRALLA	-64.0	582.0	10.0	Temperate	0	w_planet_sphere_temperate02.alo	1.0	150	15	250	10	6	4	5	Yes	_land_planet_wayland_02.ted	space_Temperate02_ROTE.ted	4	4	800							TEXT_PLANET_ZYGERRIA_INFO_HIS_01									
Ession	Yes	TEXT_OBJECT_STAR_SYSTEM_ESSION	877.0	740.0	10.0	Temperate	0	w_planet_sphere_desert.alo	1.0	150	15	250	10	6	4	5	Yes	_land_planet_wayland_02.ted	space_Desert_ROTE.ted	4	4	800							TEXT_PLANET_ZYGERRIA_INFO_HIS_01									
Foless	Yes	TEXT_OBJECT_STAR_SYSTEM_FOLESS	190.0	-271.0	10.0	Temperate	0	w_planet_sphere_urban01.alo	1.0	150	15	250	10	6	4	5	Yes	_land_planet_wayland_02.ted	space_Zygerria_ROTE.ted	4	4	800							TEXT_PLANET_ZYGERRIA_INFO_HIS_01									
Galidraan	Yes	TEXT_OBJECT_STAR_SYSTEM_GALIDRAAN	750.0	429.0	10.0	Temperate	0	w_planet_sphere_forest04.alo	1.0	150	15	250	10	6	4	5	Yes	_land_planet_wayland_02.ted	space_Forest04_ROTE.ted	4	4	800							TEXT_PLANET_ZYGERRIA_INFO_HIS_01									
Gallinore	Yes	TEXT_OBJECT_STAR_SYSTEM_GALLINORE	369.0	163.0	10.0	Temperate	0	w_planet_sphere_temperate03.alo	1.0	150	15	250	10	6	4	5	Yes	_land_planet_wayland_02.ted	space_Temperate03_ROTE.ted	4	4	800							TEXT_PLANET_ZYGERRIA_INFO_HIS_01									
Gamorr	Yes	TEXT_OBJECT_STAR_SYSTEM_GAMORR	922.0	-367.0	10.0	Temperate	0	w_planet_sphere_gamorr.alo	1.0	150	15	250	10	6	4	5	Yes	_land_planet_wayland_02.ted	space_Zygerria_ROTE.ted	4	4	800							TEXT_PLANET_ZYGERRIA_INFO_HIS_01									
Garos	Yes	TEXT_OBJECT_STAR_SYSTEM_GAROS	478.0	236.0	10.0	Temperate	0	w_planet_sphere_garos.alo	1.0	150	15	250	10	6	4	5	Yes	_land_planet_wayland_02.ted	space_Zygerria_ROTE.ted	4	4	800							TEXT_PLANET_ZYGERRIA_INFO_HIS_01									
Garqi	Yes	TEXT_OBJECT_STAR_SYSTEM_GARQI	-24.0	481.0	10.0	Temperate	0	w_planet_sphere_garqi.alo	1.0	150	15	250	10	6	4	5	Yes	_land_planet_wayland_02.ted	space_Zygerria_ROTE.ted	4	4	800							TEXT_PLANET_ZYGERRIA_INFO_HIS_01									
Generis	Yes	TEXT_OBJECT_STAR_SYSTEM_GENERIS	149.0	501.0	10.0	Temperate	0	w_planet_sphere_generis.alo	1.0	150	15	250	10	6	4	5	Yes	_land_planet_wayland_02.ted	space_Zygerria_ROTE.ted	4	4	800							TEXT_PLANET_ZYGERRIA_INFO_HIS_01									
Ghorman	Yes	TEXT_OBJECT_STAR_SYSTEM_GHORMAN	43.0	-281.0	10.0	Temperate	0	w_planet_sphere_forest.alo	1.0	150	15	250	10	6	4	5	Yes	_land_planet_wayland_02.ted	space_Forest_ROTE.ted	4	4	800							TEXT_PLANET_ZYGERRIA_INFO_HIS_01									
Gyndine	Yes	TEXT_OBJECT_STAR_SYSTEM_GYNDINE	400.0	-153.0	10.0	Temperate	0	w_planet_sphere_urban.alo	1.0	150	15	250	10	6	4	5	Yes	_land_planet_wayland_02.ted	space_Zygerria_ROTE.ted	4	4	800							TEXT_PLANET_ZYGERRIA_INFO_HIS_01									
Hakassi	Yes	TEXT_OBJECT_STAR_SYSTEM_HAKASSI	170.0	-109.0	10.0	Temperate	0	w_planet_sphere_ice.alo	1.0	150	15	250	10	6	4	5	Yes	_land_planet_wayland_02.ted	space_Ice_ROTE.ted	4	4	800							TEXT_PLANET_ZYGERRIA_INFO_HIS_01									
Handooine	Yes	TEXT_OBJECT_STAR_SYSTEM_HANDOOINE	767.0	292.0	10.0	Temperate	0	w_planet_sphere_eriadu01.alo	1.0	150	15	250	10	6	4	5	Yes	_land_planet_wayland_02.ted	space_Eriadu01_ROTE.ted	4	4	800							TEXT_PLANET_ZYGERRIA_INFO_HIS_01									
Hast	Yes	TEXT_OBJECT_STAR_SYSTEM_HAST	912.0	823.0	10.0	Temperate	0	W_planet_Asteroids.alo	1.0	85	7	250	10	0	4	5	No		space_Asteroids_ROTE.ted	5	0	1000							TEXT_PLANET_VERGESSO_INFO_HIS									
Helska	Yes	TEXT_OBJECT_STAR_SYSTEM_HELSKA	87.0	980.0	10.0	Temperate	0	w_planet_sphere_helska.alo	1.0	150	15	250	10	6	4	5	Yes	_land_planet_wayland_02.ted	space_Zygerria_ROTE.ted	4	4	800							TEXT_PLANET_ZYGERRIA_INFO_HIS_01									
Hollastin	Yes	TEXT_OBJECT_STAR_SYSTEM_HOLLASTIN	775.0	-205.0	10.0	Temperate	0	w_planet_sphere_forest01.alo	1.0	150	15	250	10	6	4	5	Yes	_land_planet_wayland_02.ted	space_Forest01_ROTE.ted	4	4	800							TEXT_PLANET_ZYGERRIA_INFO_HIS_01									
Humbarine	Yes	TEXT_OBJECT_STAR_SYSTEM_HUMBARINE	306.0	-8.0	10.0	Temperate	0	w_planet_sphere_urban01.alo	1.0	150	15	250	10	6	4	5	Yes	_land_planet_wayland_02.ted	space_Zygerria_ROTE.ted	4	4	800							TEXT_PLANET_ZYGERRIA_INFO_HIS_01									
Jaemus	Yes	TEXT_OBJECT_STAR_SYSTEM_JAEMUS	-53.0	738.0	10.0	Temperate	0	w_planet_sphere_forest02.alo	1.0	150	15	250	10	6	4	5	Yes	_land_planet_wayland_02.ted	space_Forest02_ROTE.ted	4	4	800							TEXT_PLANET_ZYGERRIA_INFO_HIS_01									
Kalist	Yes	TEXT_OBJECT_STAR_SYSTEM_KALIST	6.0	-111.0	10.0	Temperate	0	w_planet_sphere_kalist.alo	1.0	150	15	250	10	6	4	5	Yes	_land_planet_wayland_02.ted	space_Zygerria_ROTE.ted	4	4	800							TEXT_PLANET_ZYGERRIA_INFO_HIS_01									
Kampe	Yes	TEXT_OBJECT_STAR_SYSTEM_KAMPE	89.0	-64.0	10.0	Temperate	0	w_planet_sphere_desert01.alo	1.0	150	15	250	10	6	4	5	Yes	_land_planet_wayland_02.ted	space_Desert01_ROTE.ted	4	4	800							TEXT_PLANET_ZYGERRIA_INFO_HIS_01									
Ketaris	Yes	TEXT_OBJECT_STAR_SYSTEM_KETARIS	159.0	460.0	10.0	Temperate	0	w_planet_sphere_ketaris.alo	1.0	150	15	250	10	6	4	5	Yes	_land_planet_wayland_02.ted	space_Zygerria_ROTE.ted	4	4	800							TEXT_PLANET_ZYGERRIA_INFO_HIS_01									
Kothlis	Yes	TEXT_OBJECT_STAR_SYSTEM_KOTHLIS	644.0	-408.0	10.0	Temperate	0	w_planet_sphere_kothlis.alo	1.0	150	15	250	10	6	4	5	Yes	_land_planet_wayland_02.ted	space_Zygerria_ROTE.ted	4	4	800							TEXT_PLANET_ZYGERRIA_INFO_HIS_01									
Lantillies	Yes	TEXT_OBJECT_STAR_SYSTEM_LANTILLIES	462.0	149.0	10.0	Temperate	0	w_planet_sphere_urban.alo	1.0	150	15	250	10	6	4	5	Yes	_land_planet_wayland_02.ted	space_Zygerria_ROTE.ted	4	4	800							TEXT_PLANET_ZYGERRIA_INFO_HIS_01									
Lothal	Yes	TEXT_OBJECT_STAR_SYSTEM_LOTHAL	1119.0	323.0	10.0	Temperate	0	w_planet_sphere_lothal.alo	1.0	150	15	250	10	6	4	5	Yes	_land_planet_wayland_02.ted	space_Zygerria_ROTE.ted	4	4	800							TEXT_PLANET_ZYGERRIA_INFO_HIS_01									
Lwhekk	Yes	TEXT_OBJECT_STAR_SYSTEM_LWHEKK	-696.0	-675.0	10.0	Temperate	0	w_planet_sphere_lwhekk.alo	1.0	150	15	250	10	6	4	5	Yes	_land_planet_wayland_02.ted	space_Zygerria_ROTE.ted	4	4	800							TEXT_PLANET_ZYGERRIA_INFO_HIS_01									
Metellos	Yes	TEXT_OBJECT_STAR_SYSTEM_METELLOS	-103.0	80.0	10.0	Temperate	0	w_planet_sphere_metellos.alo	1.0	150	15	250	10	6	4	5	Yes	_land_planet_wayland_02.ted	space_Zygerria_ROTE.ted	4	4	800							TEXT_PLANET_ZYGERRIA_INFO_HIS_01									
Morishim	Yes	TEXT_OBJECT_STAR_SYSTEM_MORISHIM	18.0	553.0	10.0	Temperate	0	w_planet_sphere_temperate04.alo	1.0	150	15	250	10	6	4	5	Yes	_land_planet_wayland_02.ted	space_Temperate04_ROTE.ted	4	4	800							TEXT_PLANET_ZYGERRIA_INFO_HIS_01									
Nelvaan	Yes	TEXT_OBJECT_STAR_SYSTEM_NELVAAN	549.0	-779.0	10.0	Temperate	0	w_planet_sphere_nelvaan.alo	1.0	150	15	250	10	6	4	5	Yes	_land_planet_wayland_02.ted	space_Zygerria_ROTE.ted	4	4	800							TEXT_PLANET_ZYGERRIA_INFO_HIS_01									
Nkllon	Yes	TEXT_OBJECT_STAR_SYSTEM_NKLLON	215.0	-651.0	10.0	Temperate	0	w_planet_sphere_nkllon.alo	1.0	150	15	250	10	6	4	5	Yes	_land_planet_wayland_02.ted	space_Zygerria_ROTE.ted	4	4	800							TEXT_PLANET_ZYGERRIA_INFO_HIS_01									
Oba_Diah	Yes	TEXT_OBJECT_STAR_SYSTEM_OBA_DIAH	972.0	60.0	10.0	Temperate	0	w_planet_sphere_oba_diah.alo	1.0	150	15	250	10	6	4	5	Yes	_land_planet_wayland_02.ted	space_Zygerria_ROTE.ted	4	4	800							TEXT_PLANET_ZYGERRIA_INFO_HIS_01									
Obroa_Skai	Yes	TEXT_OBJECT_STAR_SYSTEM_OBROA_SKAI	317.0	180.0	10.0	Temperate	0	w_planet_sphere_obroa_skai.alo	1.0	150	15	250	10	6	4	5	Yes	_land_planet_wayland_02.ted	space_Zygerria_ROTE.ted	4	4	800							TEXT_PLANET_ZYGERRIA_INFO_HIS_01									
Ord_Biniir	Yes	TEXT_OBJECT_STAR_SYSTEM_ORD_BINIIR	66.0	530.0	10.0	Temperate	0	w_planet_sphere_desert02.alo	1.0	150	15	250	10	6	4	5	Yes	_land_planet_wayland_02.ted	space_Desert02_ROTE.ted	4	4	800							TEXT_PLANET_ZYGERRIA_INFO_HIS_01									
Ord_Cantrell	Yes	TEXT_OBJECT_STAR_SYSTEM_ORD_CANTRELL	-10.0	418.0	10.0	Temperate	0	w_planet_sphere_temperate02.alo	1.0	150	15	250	10	6	4	5	Yes	_land_planet_wayland_02.ted	space_Zygerria_ROTE.ted	4	4	800							TEXT_PLANET_ZYGERRIA_INFO_HIS_01									
Ord_Trasi	Yes	TEXT_OBJECT_STAR_SYSTEM_ORD_TRASI	76.0	576.0	10.0	Temperate	0	w_planet_sphere_ord_trasi.alo	1.0	150	15	250	10	6	4	5	Yes	_land_planet_wayland_02.ted	space_Zygerria_ROTE.ted	4	4	800							TEXT_PLANET_ZYGERRIA_INFO_HIS_01									
Ord_Cestus	Yes	TEXT_OBJECT_STAR_SYSTEM_ORD_CESTUS	389.0	441.0	10.0	Temperate	0	w_planet_sphere_desert03.alo	1.0	150	15	250	10	6	4	5	Yes	_land_planet_wayland_02.ted	space_Desert03_ROTE.ted	4	4	800							TEXT_PLANET_ZYGERRIA_INFO_HIS_01									
Orinda	Yes	TEXT_OBJECT_STAR_SYSTEM_ORINDA	-70.0	381.0	10.0	Temperate	0	w_planet_sphere_orinda.alo	1.0	150	15	250	10	6	4	5	Yes	_land_planet_wayland_02.ted	space_Zygerria_ROTE.ted	4	4	800							TEXT_PLANET_ZYGERRIA_INFO_HIS_01									
Orion	Yes	TEXT_OBJECT_STAR_SYSTEM_ORION	933.0	404.0	10.0	Temperate	0	W_planet_Asteroids.alo	1.0	85	7	250	10	0	4	5	No		space_Asteroids_ROTE.ted	5	0	1000							TEXT_PLANET_VERGESSO_INFO_HIS									
Pantolomin	Yes	TEXT_OBJECT_STAR_SYSTEM_PANTOLOMIN	-116.0	122.0	10.0	Temperate	0	w_planet_sphere_pantolomin.alo	1.0	150	15	250	10	6	4	5	Yes	_land_planet_wayland_02.ted	space_Zygerria_ROTE.ted	4	4	800							TEXT_PLANET_ZYGERRIA_INFO_HIS_01									
Phaeda	Yes	TEXT_OBJECT_STAR_SYSTEM_PHAEDA	99.0	408.0	10.0	Temperate	0	w_planet_sphere_phaeda.alo	1.0	150	15	250	10	6	4	5	Yes	_land_planet_wayland_02.ted	space_Zygerria_ROTE.ted	4	4	800							TEXT_PLANET_ZYGERRIA_INFO_HIS_01									
Phindar	Yes	TEXT_OBJECT_STAR_SYSTEM_PHINDAR	458.0	348.0	10.0	Temperate	0	w_planet_sphere_temperate.alo	1.0	150	15	250	10	6	4	5	Yes	_land_planet_wayland_02.ted	space_Temperate_ROTE.ted	4	4	800							TEXT_PLANET_ZYGERRIA_INFO_HIS_01									
Pillio	Yes	TEXT_OBJECT_STAR_SYSTEM_PILLIO	-91.0	-62.0	10.0	Temperate	0	w_planet_sphere_pillio.alo	1.0	150	15	250	10	6	4	5	Yes	_land_planet_wayland_02.ted	space_Zygerria_ROTE.ted	4	4	800							TEXT_PLANET_ZYGERRIA_INFO_HIS_01									
Qiilura	Yes	TEXT_OBJECT_STAR_SYSTEM_QIILURA	-8.0	325.0	10.0	Temperate	0	w_planet_sphere_temperate01.alo	1.0	150	15	250	10	6	4	5	Yes	_land_planet_wayland_02.ted	space_Temperate01_ROTE.ted	4	4	800							TEXT_PLANET_ZYGERRIA_INFO_HIS_01									
Rudrig	Yes	TEXT_OBJECT_STAR_SYSTEM_RUDRIG	941.0	499.0	10.0	Temperate	0	w_planet_sphere_temperate02.alo	1.0	150	15	250	10	6	4	5	Yes	_land_planet_wayland_02.ted	space_Temperate02_ROTE.ted	4	4	800							TEXT_PLANET_ZYGERRIA_INFO_HIS_01									
Saffalore	Yes	TEXT_OBJECT_STAR_SYSTEM_SAFFALORE	901.0	744.0	10.0	Temperate	0	w_planet_sphere_temperate03.alo	1.0	150	15	250	10	6	4	5	Yes	_land_planet_wayland_02.ted	space_Temperate03_ROTE.ted	4	4	800							TEXT_PLANET_ZYGERRIA_INFO_HIS_01									
Sarapin	Yes	TEXT_OBJECT_STAR_SYSTEM_SARAPIN	217.0	6.0	10.0	Temperate	0	w_planet_sphere_sarapin.alo	1.0	150	15	250	10	6	4	5	Yes	_land_planet_wayland_02.ted	space_Zygerria_ROTE.ted	4	4	800							TEXT_PLANET_ZYGERRIA_INFO_HIS_01									
Togoria	Yes	TEXT_OBJECT_STAR_SYSTEM_TOGORIA	555.0	151.0	10.0	Temperate	0	w_planet_sphere_togoria.alo	1.0	150	15	250	10	6	4	5	Yes	_land_planet_wayland_02.ted	space_Zygerria_ROTE.ted	4	4	800							TEXT_PLANET_ZYGERRIA_INFO_HIS_01									
Tunna	Yes	TEXT_OBJECT_STAR_SYSTEM_TUNNA	396.0	-311.0	10.0	Temperate	0	w_planet_sphere_polus.alo	1.0	150	15	250	10	6	4	5	Yes	_land_planet_wayland_02.ted	space_Polus_ROTE.ted	4	4	800							TEXT_PLANET_ZYGERRIA_INFO_HIS_01									
Wistril	Yes	TEXT_OBJECT_STAR_SYSTEM_WISTRIL	-43.0	435.0	10.0	Temperate	0	w_planet_sphere_wistril.alo	1.0	150	15	250	10	6	4	5	Yes	_land_planet_wayland_02.ted	space_Zygerria_ROTE.ted	4	4	800							TEXT_PLANET_ZYGERRIA_INFO_HIS_01									
Woostri	Yes	TEXT_OBJECT_STAR_SYSTEM_WOOSTRI	261.0	-653.0	10.0	Temperate	0	w_planet_sphere_woostri.alo	1.0	150	15	250	10	6	4	5	Yes	_land_planet_wayland_02.ted	space_Zygerria_ROTE.ted	4	4	800							TEXT_PLANET_ZYGERRIA_INFO_HIS_01									
Ylesia	Yes	TEXT_OBJECT_STAR_SYSTEM_YLESIA	943.0	-128.0	10.0	Temperate	0	w_planet_sphere_ylesia.alo	1.0	150	15	250	10	6	4	5	Yes	_land_planet_wayland_02.ted	space_Zygerria_ROTE.ted	4	4	800							TEXT_PLANET_ZYGERRIA_INFO_HIS_01									
Zygerria	Yes	TEXT_OBJECT_STAR_SYSTEM_ZYGERRIA	859.0	703.0	10.0	Temperate	0	w_planet_sphere_zygerria.alo	1.0	150	15	250	10	6	4	5	Yes	_land_planet_wayland_02.ted	space_Zygerria_ROTE.ted	4	4	800							TEXT_PLANET_ZYGERRIA_INFO_HIS_01									
Ziost	Yes	TEXT_OBJECT_STAR_SYSTEM_ZIOST	662.0	646.0	10.0	Arctic	0	w_planet_sphere_ziost.alo	1.0	150	15	250	10	6	4	5	Yes	_land_planet_hoth_02.ted	space_Ziost_ROTE.ted	4	4	800							TEXT_PLANET_ZIOST_INFO_HIS_01									
ZonamaSekot	Yes	TEXT_OBJECT_STAR_SYSTEM_ZONAMA	-405.0	-231.0	10.0	Forest	0	w_planet_sphere_forest02.alo	1.0	150	15	250	10	5	4	5	Yes	_land_planet_byss_02.ted	space_Forest02_ROTE.ted	4	4	800							TEXT_PLANET_ZONAMA_INFO_HIS_01									
Zakuul	Yes	TEXT_OBJECT_STAR_SYSTEM_ZAKUUL	-591.0	-220.0	10.0	Desert	0	w_planet_sphere_zakuul.alo	1.0	150	15	250	10	7	4	5	Yes	_land_planet_hypori_01.ted	space_Zakuul_ROTE.ted	4	4	800							TEXT_PLANET_ZAKUUL_INFO_HIS_01									
YagDhul	Yes	TEXT_OBJECT_STAR_SYSTEM_YAGDHUL	134.0	-449.0	10.0	Temperate	0	w_planet_sphere_yagdhull.alo	1.0	150	15	250	10	6	4	5	Yes	_land_planet_yavin_02.ted	space_YagDhul_ROTE.ted	4	4	800							TEXT_PLANET_YAGDHUL_INFO_HIS_01									
YagaMinor	Yes	TEXT_OBJECT_STAR_SYSTEM_YAGA	-88.0	525.0	10.0	Temperate	0	w_planet_sphere_temperate03.alo	1.0	150	15	250	10	6	4	5	Yes	_land_planet_corulag_02.ted	space_Temperate03_ROTE.ted	4	4	800							TEXT_PLANET_YAGA_INFO_HIS_01									
Yavin	Yes	TEXT_OBJECT_STAR_SYSTEM_YAVIN	493.0	453.0	10.0	Temperate	0	w_planet_sphere_yavin_system.alo	1.3	150	15	250	10	6	4	5	Yes	_land_planet_yavin_02.ted	space_Yavin_ROTE.ted	4	4	800							TEXT_PLANET_YAVIN_INFO_HIS_01									
Wobani	Yes	TEXT_OBJECT_STAR_SYSTEM_WOBANI	730.0	220.0	10.0	Temperate	0	w_planet_sphere_wobani.alo	1.0	150	15	250	10	6	4	5	Yes	_land_planet_kessel_02.ted	space_Wobani_ROTE.ted	5	5	800							TEXT_PLANET_WOBANI_INFO_HIS_01									
Wayland	Yes	TEXT_OBJECT_STAR_SYSTEM_WAYLAND	326.0	258.0	10.0	Temperate	0	w_planet_sphere_wayland.alo	1.0	150	15	250	10	5	4	5	Yes	_land_planet_wayland_02.ted	space_Wayland_ROTE.ted	5	4	800							TEXT_PLANET_WAYLAND_INFO_HIS_01									
Vulpter	Yes	TEXT_OBJECT_STAR_SYSTEM_VULPTER	164.0	-6.0	10.0	Desert	0	w_planet_sphere_Vulpter.alo	1.0	150	15	250	10	5	4	5	Yes	_land_planet_fondor_02.ted	space_Vuplter_ROTE.ted	5	4	800							TEXT_PLANET_VULPTER_INFO_HIS_01									
Vjun	Yes	TEXT_OBJECT_STAR_SYSTEM_VJUN	609.0	365.0	10.0	Swamp	0	w_planet_sphere_swamp01.alo	1.0	150	15	250	10	5	4	5	Yes	_land_planet_dantooine_02.ted	space_Swamp01_ROTE.ted	5	4	800							TEXT_PLANET_VJUN_INFO_HIS_01									
Vergesso	Yes	TEXT_OBJECT_STAR_SYSTEM_VERGESSO	554.0	-931.0	10.0	Temperate	0	W_planet_Asteroids.alo	1.0	85	7	250	10	0	4	5	No		space_Asteroids_ROTE.ted	5	0	1000							TEXT_PLANET_VERGESSO_INFO_HIS									
Vardos	Yes	TEXT_OBJECT_STAR_SYSTEM_VARDOS	-45.0	99.0	10.0	Urban	0	w_planet_sphere_Vardos.alo	1.0	150	15	250	10	8	4	5	Yes	_land_planet_coruscant_02.ted	space_Vardos_ROTE.ted	5	4	800							TEXT_PLANET_VARDOS_INFO_HIS_01									
Vandor	Yes	TEXT_OBJECT_STAR_SYSTEM_VANDOR	490.0	-374.0	10.0	Arctic	0	w_planet_sphere_ice.alo	1.0	150	15	250	10	5	4	5	Yes	_land_planet_alzociii_02.ted	space_Ice_ROTE.ted	5	4	800							TEXT_PLANET_VARDOS_INFO_HIS_01									
Utapau	Yes	TEXT_OBJECT_STAR_SYSTEM_UTAPAU	345.0	-1057.0	10.0	Temperate	0	w_planet_sphere_utapau.alo	1.0	150	15	250	10	5	4	5	Yes	_land_planet_utapau_01.ted	space_Utapau_ROTE.ted	5	4	800							TEXT_PLANET_UTAPAU_INFO_HIS_01									
Ukio	Yes	TEXT_OBJECT_STAR_SYSTEM_UKIO	806.0	-495.0	10.0	Temperate	0	w_planet_sphere_temperate02.alo	1.0	150	15	250	10	5	4	5	Yes	_land_planet_kuat_02.ted	space_Temperate02_ROTE.ted	5	4	800							TEXT_PLANET_UKIO_INFO_HIS_01									
Umbara	Yes	TEXT_OBJECT_STAR_SYSTEM_UMBARA	481.0	23.0	10.0	Temperate	0	w_planet_sphere_Umbara.alo	1.0	150	15	250	10	4	4	5	Yes	_land_planet_dagobah_02.ted	space_Umbara_ROTE.ted	5	4	800							TEXT_PLANET_UMBARA_INFO_HIS_01									
Thyferra	Yes	TEXT_OBJECT_STAR_SYSTEM_THYFERRA	105.0	-335.0	10.0	Forest	0	w_planet_sphere_forest01.alo	1.0	150	15	250	10	4	4	5	Yes	_land_planet_thyferra_02.ted	space_Forest01_ROTE.ted	5	4	800							TEXT_PLANET_THYFERRA_INFO_HIS_01									
Tython	Yes	TEXT_OBJECT_STAR_SYSTEM_TYTHON	6.0	-41.0	10.0	Forest	0	w_planet_sphere_tython.alo	1.0	150	15	250	10	4	4	5	Yes	_land_planet_dagobah_02.ted	space_Tython_ROTE.ted	5	4	800							TEXT_PLANET_TYTHON_INFO_HIS_01									
Tibrin	Yes	TEXT_OBJECT_STAR_SYSTEM_TIBRIN	254.0	-963.0	10.0	Temperate	0	w_planet_sphere_ocean02.alo	1.0	150	15	250	10	4	4	5	Yes	_land_planet_abregadorae_02.ted	space_Ocean02_ROTE.ted	5	5	800							TEXT_PLANET_TIBRIN_INFO_HIS_01									
The_Maw	Yes	TEXT_OBJECT_STAR_SYSTEM_THEMAW	875.0	76.0	10.0	Temperate	0	W_planet_black_hole.alo	2.5	85	7	250	10	0	4	5	No		space_TheMaw_ROTE.ted	5	0	1000							TEXT_PLANET_THEMAW_INFO_HIS									
Teth	Yes	TEXT_OBJECT_STAR_SYSTEM_TETH	998.0	-119.0	10.0	Temperate	0	W_planet_sphere_Teth.alo	1.0	150	15	250	10	5	4	5	Yes	_land_planet_dantooine_02.ted	space_Teth_ROTE.ted	5	4	800							TEXT_PLANET_TETH_INFO_HIS_01									
Terminus	Yes	TEXT_OBJECT_STAR_SYSTEM_TERMINUS	107.0	-1122.0	10.0	Swamp	0	w_planet_sphere_terminus.alo	1.0	150	15	250	10	8	4	5	Yes	_land_planet_corellia_02.ted	space_Telos_ROTE.ted	5	4	800							TEXT_PLANET_TELOS_INFO_HIS_01									
Telos	Yes	TEXT_OBJECT_STAR_SYSTEM_TELOS	549.0	774.0	10.0	Swamp	0	w_planet_sphere_Telos.alo	1.0	150	15	250	10	8	4	5	Yes	_land_planet_corellia_02.ted	space_Telos_ROTE.ted	5	4	800							TEXT_PLANET_TELOS_INFO_HIS_01									
Toydaria	Yes	TEXT_OBJECT_STAR_SYSTEM_TOYDARIA	699.0	-80.0	10.0	Temperate	0	w_planet_sphere_forest01.alo	1.0	150	15	250	10	4	4	5	Yes	_land_planet_endor_02.ted	space_Forest01_ROTE.ted	5	4	800							TEXT_PLANET_TOYDARIA_INFO_HIS_01									
Tatooine	Yes	TEXT_OBJECT_STAR_SYSTEM_TATOOINE	673.0	-714.0	10.0	Desert	0	w_planet_sphere_tatooine.alo	1.0	150	15	250	10	6	4	5	Yes	_land_planet_tatooine_02.ted	space_Tatooine_ROTE.ted	5	4	800							TEXT_PLANET_TATOOINE_INFO_HIS_01									
Takodana	Yes	TEXT_OBJECT_STAR_SYSTEM_TAKODANA	-55.0	-672.0	10.0	Forest	0	w_planet_sphere_takodana.alo	1.0	150	15	250	10	4	4	5	Yes	_land_planet_abregadorae_02.ted	space_Takodana_ROTE.ted	5	4	800							TEXT_PLANET_TAKODANA_INFO_HIS_01									
Taris	Yes	TEXT_OBJECT_STAR_SYSTEM_TARIS	323.0	328.0	10.0	Temperate	0	w_planet_sphere_taris.alo	1.0	150	15	250	10	6	4	5	Yes	_land_planet_taris_02.ted	space_Taris_ROTE.ted	5	4	800							TEXT_PLANET_TARIS_INFO_HIS_01									
Taspir	Yes	TEXT_OBJECT_STAR_SYSTEM_TASPIRIII	-105.0	803.0	10.0	Desert	0	w_planet_sphere_taspir.alo	1.0	150	15	250	10	4	4	5	Yes	_land_planet_eriadu_02.ted	space_Taspir_ROTE.ted	5	4	800							TEXT_PLANET_TASPIRIII_INFO_HIS_01									
StygeonPrime	Yes	TEXT_OBJECT_STAR_SYSTEM_STYGEONPRIME	637.0	323.0	10.0	Arctic	0	w_planet_sphere_ice03.alo	1.0	150	15	250	10	3	4	5	Yes	_land_planet_polus_02.ted	space_Ice03_ROTE.ted	5	4	800							TEXT_PLANET_STYGEONPRIME_INFO_HIS_01									
Skako	Yes	TEXT_OBJECT_STAR_SYSTEM_SKAKO	187.0	95.0	10.0	Urban	0	w_planet_sphere_skako.alo	1.0	150	15	250	10	3	4	5	Yes	_land_planet_coruscant_02.ted	space_Skako_ROTE.ted	5	4	800							TEXT_PLANET_SKAKO_INFO_HIS_01									
Scipio	Yes	TEXT_OBJECT_STAR_SYSTEM_SCIPIO	-38.0	527.0	10.0	Arctic	0	w_planet_sphere_ice.alo	1.0	150	15	250	10	3	4	5	Yes	_land_planet_polus_02.ted	space_Ice_ROTE.ted	5	4	800							TEXT_PLANET_SCIPIO_INFO_HIS_01									
Shola	Yes	TEXT_OBJECT_STAR_SYSTEM_SHOLA	969.0	-350.0	10.0	Volcanic	0	w_planet_sphere_vulcanic01.alo	1.0	150	15	250	10	6	4	5	Yes	_land_planet_shola_02.ted	space_Vulcanic01_ROTE.ted	5	4	800							TEXT_PLANET_SHOLA_INFO_HIS_01									
Shili	Yes	TEXT_OBJECT_STAR_SYSTEM_SHILI	146.0	268.0	10.0	Temperate	0	w_planet_sphere_swamp03.alo	1.0	150	15	250	10	5	4	5	Yes	_land_planet_dantooine_02.ted	space_Swamp03_ROTE.ted	5	4	800							TEXT_PLANET_SHILI_INFO_HIS_01									
Sluis_Van	Yes	TEXT_OBJECT_STAR_SYSTEM_SLUIS_VAN	317.0	-991.0	10.0	Swamp	0	w_planet_sphere_swamp.alo	1.0	150	15	250	10	5	4	5	Yes	_land_planet_dagobah_02.ted	space_Swamp_ROTE.ted	5	4	800							TEXT_PLANET_SLUIS_VAN_INFO_HIS_01									
Sullust	Yes	TEXT_OBJECT_STAR_SYSTEM_SULLUST	298.0	-897.0	10.0	Volcanic	0	w_planet_sphere_Sullust.alo	1.0	150	15	250	10	4	4	5	Yes	_land_planet_sullust_02.ted	space_Sullust_ROTE.ted	5	4	800							TEXT_PLANET_SULLUST_INFO_HIS_01									
Starkillerbase	Yes	TEXT_OBJECT_STAR_SYSTEM_STARKILLERBASE	-335.0	315.0	10.0	Arctic	0	w_planet_sphere_starkillerbase.alo	1.0	150	15	250	10	5	4	5	Yes	_land_planet_ilum_02.ted	space_Starkillerbase_ROTE.ted	5	4	800							TEXT_PLANET_STARKILLERBASE_INFO_HIS_01									
Saleucami	Yes	TEXT_OBJECT_STAR_SYSTEM_SALEUCAMI	762.0	203.0	10.0	Desert	0	w_planet_sphere_desert.alo	1.0	150	15	250	10	5	4	5	Yes	_land_planet_saleucami_01.ted	space_Desert_ROTE.ted	5	4	800							TEXT_PLANET_SALEUCAMI_INFO_HIS_01									
Serenno	Yes	TEXT_OBJECT_STAR_SYSTEM_SERENNO	418.0	574.0	10.0	Temperate	0	w_planet_sphere_serenno.alo	1.0	150	15	250	10	5	4	5	Yes	_land_planet_eriadu_02.ted	space_Serenno_ROTE.ted	5	4	800							TEXT_PLANET_SERENNO_INFO_HIS_01									
Sernpidal	Yes	TEXT_OBJECT_STAR_SYSTEM_SERNPIDAL	132.0	918.0	10.0	Desert	0	w_planet_sphere_desert.alo	1.0	150	15	250	10	6	4	5	Yes	_land_planet_tatooine_02.ted	space_Desert_ROTE.ted	5	4	800							TEXT_PLANET_SERNPIDAL_INFO_HIS_01									
Scarif	Yes	TEXT_OBJECT_STAR_SYSTEM_SCARIF	820.0	-536.0	10.0	Temperate	0	w_planet_sphere_Scarif.alo	1.0	150	15	250	10	4	4	5	Yes	space_Kuat_ROTE.ted	space_Scarif_ROTE.ted	5	5	800							TEXT_PLANET_SCARIF_INFO_HIS_01									
Savareen	Yes	TEXT_OBJECT_STAR_SYSTEM_SAVAREEN	576.0	-749.0	10.0	Desert	0	w_planet_sphere_savareen.alo	1.0	150	15	250	10	4	4	5	Yes	_land_planet_saleucami_01.ted	space_Savareen_ROTE.ted	5	4	800							TEXT_PLANET_SAVAREEN_INFO_HIS_01									
Rendili	Yes	TEXT_OBJECT_STAR_SYSTEM_RENDILI	264.0	-65.0	10.0	Temperate	0	w_planet_sphere_rendili.alo	1.0	150	15	250	10	4	4	5	Yes	_land_planet_abregadorae_02.ted	space_Rendili_ROTE.ted	5	4	800							TEXT_PLANET_RENDILI_INFO_HIS_01									
Ryloth	Yes	TEXT_OBJECT_STAR_SYSTEM_RYLOTH	708.0	-881.0	10.0	Desert	0	w_planet_sphere_ryloth.alo	1.0	150	15	250	10	5	4	5	Yes	_land_planet_ryloth_02.ted	space_Ryloth_ROTE.ted	5	4	800							TEXT_PLANET_RYLOTH_INFO_HIS_01									
RhenVar	Yes	TEXT_OBJECT_STAR_SYSTEM_RHEN_VAR	719.0	407.0	10.0	Arctic	0	w_planet_sphere_ice01.alo	1.0	150	15	250	10	5	4	5	Yes	_land_planet_polus_02.ted	space_Ice01_ROTE.ted	5	4	800							TEXT_PLANET_RHEN_VAR_INFO_HIS_01									
RingoVinda	Yes	TEXT_OBJECT_STAR_SYSTEM_RINGO	675.0	247.0	10.0	Temperate	0	w_planet_sphere_RingoVinda.alo	1.0	150	15	250	10	5	4	5	Yes	_land_planet_kuat_02.ted	space_RingoVinda_ROTE.ted	5	4	800							TEXT_PLANET_RINGO_INFO_HIS_01									
Roche	Yes	TEXT_OBJECT_STAR_SYSTEM_ROCHE	607.0	194.0	10.0	Temperate	0	W_planet_Asteroids.alo	1.0	85	7	250	10	0	4	5	No		space_Asteroids_ROTE.ted	5	0	1000							TEXT_PLANET_ROCHE_INFO_HIS									
Raxus	Yes	TEXT_OBJECT_STAR_SYSTEM_RAXUS_PRIME	920.0	541.0	10.0	Swamp	0	w_planet_sphere_Raxus.alo	1.0	150	15	250	10	5	4	5	Yes	_land_planet_jabiim_02.ted	space_Raxus_ROTE.ted	5	4	800							TEXT_PLANET_RAXUS_PRIME_INFO_HIS_01									
Rattatak	Yes	TEXT_OBJECT_STAR_SYSTEM_RATTATAK	-253	-644.0	10.0	Desert	0	w_planet_sphere_Rattatak.alo	1.0	150	15	250	10	3	4	5	Yes	_land_planet_rattatak_01.ted	space_Rattatak_ROTE.ted	5	4	800							TEXT_PLANET_RATTATAK_INFO_HIS_01									
Raydonia	Yes	TEXT_OBJECT_STAR_SYSTEM_RAYDONIA	433.0	391.0	10.0	Swamp	0	w_planet_sphere_raydonia.alo	1.0	150	15	250	10	5	4	5	Yes	_land_planet_felucia_00.ted	space_Raydonia_ROTE.ted	5	4	800							TEXT_PLANET_RAYDONIA_INFO_HIS_01									
Rodia	Yes	TEXT_OBJECT_STAR_SYSTEM_RODIA	598.0	-683.0	10.0	Forest	0	w_planet_sphere_rodia.alo	1.0	150	15	250	10	3	4	5	Yes	_Land_Planet_Fresia_02.ted	space_Rodia_ROTE.ted	5	4	800							TEXT_PLANET_RODIA_INFO_HIS_01									
Ruusan	Yes	TEXT_OBJECT_STAR_SYSTEM_RUUSAN	583.0	-31.0	10.0	Desert	0	w_planet_sphere_ruusan.alo	1.0	150	15	250	10	5	4	5	Yes	_land_planet_atzerri_02.ted	space_Ruusan_ROTE.ted	5	4	800							TEXT_PLANET_RUUSAN_INFO_HIS_01									
Rishi	Yes	TEXT_OBJECT_STAR_SYSTEM_RISHI	758.0	-448.0	10.0	Desert	0	w_planet_sphere_rishi.alo	1.0	150	15	250	10	4	4	5	Yes	_Rishi.ted	space_Rishi_ROTE.ted	5	4	800							TEXT_PLANET_RISHI_INFO_HIS_01									
Rentor	Yes	TEXT_OBJECT_STAR_SYSTEM_RENTOR	-418.0	240.0	10.0	Temperate	0	w_planet_sphere_rentor.alo	1.0	150	15	250	10	6	4	5	Yes	_land_planet_wayland_02.ted	space_Temperate01_ROTE.ted	4	4	800							TEXT_PLANET_ZYGERRIA_INFO_HIS_01									
Reltooine	Yes	TEXT_OBJECT_STAR_SYSTEM_RELTOOINE	820.0	813.0	10.0	Desert	0	w_planet_sphere_gas_red.alo	1.3	150	15	250	10	4	4	5	Yes	_land_planet_bespin_01.ted	space_Reltooine_ROTE.ted	5	4	800							TEXT_PLANET_RELTOOINE_INFO_HIS_01									
Rothana	Yes	TEXT_OBJECT_STAR_SYSTEM_ROTHANA	947.0	-567.0	10.0	Desert	0	w_planet_sphere_rothana.alo	1.0	150	15	250	10	5	4	5	Yes	_land_planet_ilum_02.ted	space_Rothana_ROTE.ted	5	4	800							TEXT_PLANET_ROTHANA_INFO_HIS_01									
Raltiir	Yes	TEXT_OBJECT_STAR_SYSTEM_RALLTIIR	174.0	164.0	10.0	Temperate	0	w_planet_sphere_ralltiir.alo	1.0	150	15	250	10	7	4	5	Yes	_land_planet_carida_02.ted	space_Ralltiir_ROTE.ted	5	4	800							TEXT_PLANET_RALLTIIR_INFO_HIS_01									
Quell	Yes	TEXT_OBJECT_STAR_SYSTEM_QUELL	661.0	383.0	10.0	Swamp	0	w_planet_sphere_swamp.alo	1.0	150	15	250	10	4	4	5	Yes	_land_planet_anaxes_02.ted	space_Swamp_ROTE.ted	5	4	800							TEXT_PLANET_QUELL_INFO_HIS_01									
Polus	Yes	TEXT_OBJECT_STAR_SYSTEM_POLUS	229.0	396.0	10.0	Arctic	0	w_planet_sphere_polus.alo	1.0	150	15	250	10	5	4	5	Yes	_land_planet_polus_02.ted	space_Polus_ROTE.ted	5	4	800							TEXT_PLANET_POLUS_INFO_HIS_01									
PolisMassa	Yes	TEXT_OBJECT_STAR_SYSTEM_POLISMASSA	146.0	-1087.0	10.0	Desert	0	W_planet_Asteroids.alo	1.0	150	15	250	10	5	4	5	Yes	_land_planet_kessel_02.ted	space_PolisMassa_ROTE.ted	5	4	800							TEXT_PLANET_POLISMASSA_INFO_HIS_01									
Pantora	Yes	TEXT_OBJECT_STAR_SYSTEM_PANTORA	523.0	-1009.0	10.0	Desert	0	w_planet_sphere_pantora.alo	1.3	150	15	250	10	5	4	5	Yes	_land_planet_kessel_02.ted	space_Pantora_ROTE.ted	5	4	800							TEXT_PLANET_PANTORA_INFO_HIS_01									
Pammant	Yes	TEXT_OBJECT_STAR_SYSTEM_PAMMANT	1068.0	396.0	10.0	Desert	0	w_planet_sphere_desert.alo	1.0	150	15	250	10	5	4	5	Yes	_land_planet_saleucami_01.ted	space_Desert_ROTE.ted	5	4	800							TEXT_PLANET_PAMMANT_INFO_HIS_01									
Ossus	Yes	TEXT_OBJECT_STAR_SYSTEM_OSSUS	771.0	373.0	10.0	Desert	0	w_planet_sphere_ossus.alo	1.0	150	15	250	10	7	4	5	Yes	_land_planet_hypori_01.ted	space_Ossus_ROTE.ted	5	4	800							TEXT_PLANET_OSSUS_INFO_HIS_01									
Ordmantell	Yes	TEXT_OBJECT_STAR_SYSTEM_ORDMANTELL	-1.0	295.0	10.0	Forest	0	w_planet_sphere_ordmantell.alo	1.0	150	15	250	10	3	4	5	Yes	_Land_Planet_Fresia_02.ted	space_Ordmantell_ROTE.ted	5	4	800							TEXT_PLANET_ORDMANTELL_INFO_HIS_01									
Onderon	Yes	TEXT_OBJECT_STAR_SYSTEM_ONDERON	426.0	69.0	10.0	Forest	0	w_planet_sphere_onderon.alo	1.0	150	15	250	10	3	4	5	Yes	_land_planet_naboo_02.ted	space_Onderon_ROTE.ted	5	4	800							TEXT_PLANET_ONDERON_INFO_HIS_01									
Nirauan	Yes	TEXT_OBJECT_STAR_SYSTEM_NIRAUAN	-229.0	461.0	10.0	Temperate	0	w_planet_sphere_temperate04.alo	1.0	150	15	250	10	7	4	5	Yes	_land_planet_byss_02.ted	space_Temperate04_ROTE.ted	5	4	800							TEXT_PLANET_NIRAUAN_INFO_HIS_01									
Naboo	Yes	TEXT_OBJECT_STAR_SYSTEM_NABOO	442.0	-776.0	10.0	Temperate	0	w_planet_sphere_naboo.alo	1.0	150	15	250	10	5	4	5	Yes	_land_planet_naboo_02.ted	space_Temperate04_ROTE.ted	5	4	800							TEXT_PLANET_NABOO_INFO_HIS_01									
NalHutta	Yes	TEXT_OBJECT_STAR_SYSTEM_NALHUTTA	730.0	-115.0	10.0	Swamp	0	w_planet_sphere_NallHutta.alo	1.0	150	15	250	10	8	4	5	Yes	_land_planet_nalhutta_02.ted	space_NallHutta_ROTE.ted	5	4	800							TEXT_PLANET_NALHUTTA_INFO_HIS_01									
Malastare	Yes	TEXT_OBJECT_STAR_SYSTEM_MALASTARE	325.0	-732.0	10.0	Desert	0	w_planet_sphere_malastare.alo	1.0	150	15	250	10	4	4	5	Yes	_land_planet_thyferra_02.ted	space_Malastare_ROTE.ted	5	4	800							TEXT_PLANET_MALASTARE_INFO_HIS_01									
Maridun	Yes	TEXT_OBJECT_STAR_SYSTEM_MARIDUN	560.0	409.0	10.0	Temperate	0	w_planet_sphere_temperate01.alo	1.0	150	15	250	10	4	4	5	Yes	_land_planet_thyferra_02.ted	space_Temperate01_ROTE.ted	5	4	800							TEXT_PLANET_MARIDUN_INFO_HIS_01									
MonCalamari	Yes	TEXT_OBJECT_STAR_SYSTEM_MONCALAMARI	1039.0	427.0	10.0	Temperate	0	w_planet_sphere_ocean03.alo	1.0	150	15	250	10	4	4	5	Yes	_land_planet_moncalimari_02.ted	space_Ocean03_ROTE.ted	5	5	800							TEXT_PLANET_MONCALAMARI_INFO_HIS_01									
Minntooine	Yes	TEXT_OBJECT_STAR_SYSTEM_MINNTOOINE	1024.0	376.0	10.0	Temperate	0	w_planet_sphere_ocean.alo	1.0	150	15	250	10	4	4	5	Yes	_Land_Planet_Fresia_02.ted	space_Ocean_ROTE.ted	5	5	800							TEXT_PLANET_MINNTOOINE_INFO_HIS_01									
Malachor	Yes	TEXT_OBJECT_STAR_SYSTEM_MALACHORV	890.0	650.0	10.0	Desert	0	w_planet_sphere_malachor.alo	1.0	150	15	250	10	6	4	5	Yes	_land_planet_shola_02.ted	space_Malachor_ROTE.ted	5	4	800							TEXT_PLANET_MALACHORV_INFO_HIS_01									
Mortis	Yes	TEXT_OBJECT_STAR_SYSTEM_MORTIS	-8.0	976.0	10.0	Forest	0	w_planet_sphere_forest04.alo	1.0	150	15	250	10	5	4	5	Yes	_land_planet_dantooine_02.ted	space_Mortis_ROTE.ted	5	4	800							TEXT_PLANET_MORTIS_INFO_HIS_01									
Muunilinst	Yes	TEXT_OBJECT_STAR_SYSTEM_MUUNILINST	-55.0	635.0	10.0	Temperate	0	w_planet_sphere_muunilinst.alo	1.0	150	15	250	10	6	4	5	Yes	_land_planet_muunilinst_01.ted	space_Muunilinst_ROTE.ted	5	4	800							TEXT_PLANET_MUUNILINST_INFO_HIS_01									
Manaan	Yes	TEXT_OBJECT_STAR_SYSTEM_MANAAN	396.0	-49.0	10.0	Forest	0	w_planet_sphere_ocean.alo	1.0	150	15	250	10	3	4	5	Yes	_Land_Planet_Fresia_02.ted	space_Ocean_ROTE.ted	5	4	800							TEXT_PLANET_MANAAN_INFO_HIS_01									
Myrkr	Yes	TEXT_OBJECT_STAR_SYSTEM_MYRKR	314.0	222.0	10.0	Forest	0	w_planet_sphere_myrkr.alo	1.0	150	15	250	10	5	4	5	Yes	_land_planet_myrkr_01.ted	space_Myrkr_ROTE.ted	5	4	800							TEXT_PLANET_MYRKR_INFO_HIS_01									
Mimban	Yes	TEXT_OBJECT_STAR_SYSTEM_MIMBAN	437.0	-112.0	10.0	Desert	0	w_planet_sphere_desert04.alo	1.0	150	15	250	10	5	4	5	Yes	_land_planet_saleucami_01.ted	space_Desert04_ROTE.ted	5	4	800							TEXT_PLANET_MIMBAN_INFO_HIS_01									
MechisIII	Yes	TEXT_OBJECT_STAR_SYSTEM_MECHIS	139.0	-405.0	10.0	Arctic	0	w_planet_sphere_vulcanic.alo	1.0	150	15	250	10	6	4	5	Yes	_land_planet_shola_02.ted	space_Vulcanic_ROTE.ted	5	4	800							TEXT_PLANET_MECHIS_INFO_HIS_01									
Mygeeto	Yes	TEXT_OBJECT_STAR_SYSTEM_MYGEETO	-16.0	561.0	10.0	Arctic	0	w_planet_sphere_mygeeto.alo	1.0	150	15	250	10	4	4	5	Yes	_land_planet_alzociii_02.ted	space_Mygeeto_ROTE.ted	5	4	800							TEXT_PLANET_MYGEETO_INFO_HIS_01									
Mustafar	Yes	TEXT_OBJECT_STAR_SYSTEM_MUSTAFAR	189.0	-1048.0	10.0	Volcanic	0	w_planet_sphere_vulcanic_system.alo	1.3	150	15	250	10	5	4	5	Yes	land_Mustafar_ROTE.ted	space_Mustafar_ROTE.ted	5	4	800							TEXT_PLANET_MUSTAFAR_INFO_HIS_01									
Mandalore	Yes	TEXT_OBJECT_STAR_SYSTEM_MANDALORE	407.0	299.0	10.0	Desert	0	w_planet_sphere_mandalore.alo	1.0	150	15	250	10	4	4	5	Yes	_land_planet_mandalore_01.ted	space_Mandalore_ROTE.ted	5	4	800							TEXT_PLANET_MANDALORE_INFO_HIS_01									
Lianna	Yes	TEXT_OBJECT_STAR_SYSTEM_LIANNA	776.0	459.0	10.0	Temperate	0	w_planet_sphere_temperate04.alo	1.0	150	15	250	10	4	4	5	Yes	_land_planet_anaxes_02.ted	space_Temperate04_ROTE.ted	5	4	800							TEXT_PLANET_LIANNA_INFO_HIS_01									
Loronar	Yes	TEXT_OBJECT_STAR_SYSTEM_LORONAR	268.0	-156.0	10.0	Temperate	0	w_planet_sphere_loronar.alo	1.0	150	15	250	10	4	4	5	Yes	_land_planet_corellia_02.ted	space_Loronar_ROTE.ted	5	4	800							TEXT_PLANET_LORONAR_INFO_HIS_01									
Lehon	Yes	TEXT_OBJECT_STAR_SYSTEM_LEHON	-444.0	-54.0	10.0	Temperate	0	w_planet_sphere_lehon.alo	1.0	150	15	250	10	4	4	5	Yes	_land_planet_abregadorae_02.ted	space_Lehon_ROTE.ted	5	4	800							TEXT_PLANET_LEHON_INFO_HIS_01									
LahMu	Yes	TEXT_OBJECT_STAR_SYSTEM_LAHMU	80.0	803.0	10.0	Temperate	0	w_planet_sphere_LahMu.alo	1.0	150	15	250	10	5	4	5	Yes	_land_planet_dantooine_02.ted	space_LahMu_ROTE.ted	5	4	800							TEXT_PLANET_LAHMU_INFO_HIS_01									
Kuat	Yes	TEXT_OBJECT_STAR_SYSTEM_KUAT	269.0	5.0	10.0	Temperate	0	w_planet_sphere_Kuat.alo	1.0	150	15	250	10	4	4	5	Yes	_land_planet_kuat_02.ted	space_Kuat_ROTE.ted	5	4	800							TEXT_PLANET_KUAT_INFO_HIS_01									
Kalee	Yes	TEXT_OBJECT_STAR_SYSTEM_KALEE	-130.0	655.0	10.0	Forest	0	w_planet_sphere_kalee.alo	1.0	150	15	250	10	4	4	5	Yes	_land_planet_kashyyyk_02.ted	space_Kalee_ROTE.ted	5	4	800							TEXT_PLANET_KASHYYYK_INFO_HIS_01									
Kashyyyk	Yes	TEXT_OBJECT_STAR_SYSTEM_KASHYYYK	560.0	75.0	10.0	Forest	0	w_planet_sphere_forest01.alo	1.0	150	15	250	10	4	4	5	Yes	_land_planet_kashyyyk_02.ted	space_Forest01_ROTE.ted	5	4	800							TEXT_PLANET_KASHYYYK_INFO_HIS_01									
Korriban	Yes	TEXT_OBJECT_STAR_SYSTEM_KORRIBAN	664.0	583.0	10.0	Desert	0	w_planet_sphere_korriban.alo	1.0	150	15	250	10	4	4	5	Yes	_land_planet_korriban_02.ted	space_Korriban_ROTE.ted	5	4	800							TEXT_PLANET_KORRIBAN_INFO_HIS_01									
Kessel	Yes	TEXT_OBJECT_STAR_SYSTEM_KESSEL	916.0	71.0	10.0	Desert	0	w_planet_sphere_Kessel.alo	1.0	150	15	250	10	4	4	5	Yes	_land_planet_kessel_02.ted	space_Kessel_ROTE.ted	5	4	800							TEXT_PLANET_KESSEL_INFO_HIS_01									
Kamino	Yes	TEXT_OBJECT_STAR_SYSTEM_KAMINO	732.0	-486.0	10.0	Desert	0	w_planet_sphere_kamino.alo	1.0	150	15	250	10	7	4	5	Yes	land_Kamino_ROTE.ted	space_Kamino_ROTE.ted	5	4	800							TEXT_PLANET_KAMINO_INFO_HIS_01									
Jedha	Yes	TEXT_OBJECT_STAR_SYSTEM_JEDHA	-266.0	67.0	10.0	Desert	0	w_planet_sphere_jedha_system.alo	1.0	150	15	250	10	5	4	5	Yes	_land_planet_tatooine_02.ted	space_Kamino_ROTE.ted	5	4	800							TEXT_PLANET_JEDHA_INFO_HIS_01									
Jakku	Yes	TEXT_OBJECT_STAR_SYSTEM_JAKKU	-196.0	-192.0	10.0	Desert	0	w_planet_sphere_Jakku.alo	1.0	150	15	250	10	7	4	5	Yes	_land_planet_hypori_01.ted	space_Jakku_ROTE.ted	5	4	800							TEXT_PLANET_JAKKU_INFO_HIS_01									
Jabiim	Yes	TEXT_OBJECT_STAR_SYSTEM_JABIIM	789.0	257.0	10.0	Temperate	0	w_planet_sphere_jabiim.alo	1.0	150	15	250	10	6	4	5	Yes	_land_planet_jabiim_02.ted	space_Jabiim_ROTE.ted	5	4	800							TEXT_PLANET_JABIIM_INFO_HIS_01									
Iego	Yes	TEXT_OBJECT_STAR_SYSTEM_IEGO	886.0	291.0	10.0	Temperate	0	w_planet_sphere_eriadu01.alo	1.0	150	15	250	10	3	4	5	Yes	_land_planet_eriadu_02.ted	space_Eriadu01_ROTE.ted	5	4	800							TEXT_PLANET_IEGO_INFO_HIS_01									
Iridonia	Yes	TEXT_OBJECT_STAR_SYSTEM_IRIDONIA	-97.0	345.0	10.0	Volcanic	0	w_planet_sphere_iridonia.alo	1.0	150	15	250	10	5	4	5	Yes	_land_planet_aetenii_02.ted	space_Iridonia_ROTE.ted	5	5	800							TEXT_PLANET_IRIDONIA_INFO_HIS_01									
Ilum	Yes	TEXT_OBJECT_STAR_SYSTEM_ILUM	-310.0	277.0	10.0	Arctic	0	w_planet_sphere_ilum.alo	1.0	150	15	250	10	5	4	5	Yes	_land_planet_ilum_02.ted	space_Ilum_ROTE.ted	5	5	800							TEXT_PLANET_ILUM_INFO_HIS_01									
Ithor	Yes	TEXT_OBJECT_STAR_SYSTEM_ITHOR	179.0	356.0	10.0	Temperate	0	w_planet_sphere_ithor.alo	1.0	150	15	250	10	4	4	5	Yes	_land_planet_bespin_01.ted	space_ithor_ROTE.ted	5	5	800							TEXT_PLANET_ITHOR_INFO_HIS_01									
Hapes	Yes	TEXT_OBJECT_STAR_SYSTEM_HAPES	392.0	157.0	10.0	Forest	0	w_planet_sphere_forest04.alo	1.0	150	15	250	10	6	4	5	Yes	_land_planet_corulag_02.ted	space_Forest04_ROTE.ted	5	5	800							TEXT_PLANET_HAPES_INFO_HIS_01									
HosnianPrime	Yes	TEXT_OBJECT_STAR_SYSTEM_HOSNIANPRIME	225.0	-174.0	10.0	Urban	0	w_planet_sphere_hosnianprime.alo	1.0	150	15	250	10	8	4	5	Yes	_land_planet_coruscant_02.ted	space_HosnianPrime_ROTE.ted	5	5	800							TEXT_PLANET_HOSNIANPRIME_INFO_HIS_01									
Hypori	Yes	TEXT_OBJECT_STAR_SYSTEM_HYPORI	782.0	-668.0	10.0	Desert	0	w_planet_sphere_desert02.alo	1.0	150	15	250	10	7	4	5	Yes	_land_planet_hypori_01.ted	space_Desert02_ROTE.ted	5	5	800							TEXT_PLANET_HYPORI_INFO_HIS_01									
Hoth	Yes	TEXT_OBJECT_STAR_SYSTEM_HOTH	139.0	-1004.0	10.0	Arctic	0	w_planet_sphere_ice.alo	1.0	150	15	250	10	6	4	5	Yes	_land_planet_hoth_02.ted	space_Ice_ROTE.ted	5	5	800							TEXT_PLANET_HOTH_INFO_HIS_01									
Honoghr	Yes	TEXT_OBJECT_STAR_SYSTEM_HONOGHR	947.0	30.0	10.0	Desert	0	w_planet_sphere_desert.alo	1.0	150	15	250	10	6	4	5	Yes	_land_planet_honoghr_01.ted	space_Desert_ROTE.ted	5	5	800							TEXT_PLANET_HONOGHR_INFO_HIS_01									
Gleeanselm	Yes	TEXT_OBJECT_STAR_SYSTEM_GLEEANSELT	-168.0	264.0	10.0	Temperate	0	w_planet_sphere_gleeanselm.alo	1.0	150	15	250	10	3	4	5	Yes	_Land_Planet_Fresia_02.ted	space_Gleeanselm_ROTE.ted	5	5	800							TEXT_PLANET_GLEEANSELT_INFO_HIS_01									
Geonosis	Yes	TEXT_OBJECT_STAR_SYSTEM_GEONOSIS	712.0	-738.0	10.0	Desert	0	w_planet_sphere_geonosis_rings.alo	1.0	150	15	250	10	8	4	5	Yes	_land_planet_geonosis_02.ted	space_Geonosis_ROTE.ted	5	5	800							TEXT_PLANET_GEONOSIS_INFO_HIS_01									
Fresia	Yes	TEXT_OBJECT_STAR_SYSTEM_FRESIA	-50.0	33.0	10.0	Swamp	0	w_planet_sphere_ocean03.alo	1.0	150	15	250	10	4	4	5	Yes	_Land_Planet_Fresia_02.ted	space_Ocean03_ROTE.ted	5	5	800							TEXT_PLANET_FRESIA_INFO_HIS_01									
Foerost	Yes	TEXT_OBJECT_STAR_SYSTEM_FOEROST	0.0	5.0	10.0	Swamp	0	w_planet_sphere_foerost.alo	1.0	150	15	250	10	5	4	5	Yes	_land_planet_thyferra_02.ted	space_Foerost_ROTE.ted	5	5	800							TEXT_PLANET_FOEROST_INFO_HIS_01									
Fondor	Yes	TEXT_OBJECT_STAR_SYSTEM_FONDOR	44.0	-225.0	10.0	Urban	0	w_planet_sphere_fondor.alo	1.0	150	15	250	10	5	4	5	Yes	_land_planet_fondor_02.ted	space_Fondor_ROTE.ted	5	5	800							TEXT_PLANET_FONDOR_INFO_HIS_01									
Florrum	Yes	TEXT_OBJECT_STAR_SYSTEM_FLORRUM	718.0	560.0	10.0	Desert	0	w_planet_sphere_florrum.alo	1.0	150	15	250	10	6	4	5	Yes	_land_planet_honoghr_01.ted	space_Florrum_ROTE.ted	5	5	800							TEXT_PLANET_FLORRUM_INFO_HIS_01									
Ferixx	Yes	TEXT_OBJECT_STAR_SYSTEM_FERIXX	644.0	-53.0	10.0	Swamp	0	w_planet_sphere_ferrix.alo	1.0	150	15	250	10	5	4	5	Yes	_land_planet_felucia_00.ted	space_Felucia_ROTE.ted	5	5	800							TEXT_PLANET_FELUCIA_INFO_HIS_01									
Felucia	Yes	TEXT_OBJECT_STAR_SYSTEM_FELUCIA	738.0	486.0	10.0	Swamp	0	w_planet_sphere_felucia.alo	1.0	150	15	250	10	5	4	5	Yes	_land_planet_felucia_00.ted	space_Felucia_ROTE.ted	5	5	800							TEXT_PLANET_FELUCIA_INFO_HIS_01									
Falleen	Yes	TEXT_OBJECT_STAR_SYSTEM_FALLEEN	519.0	-552.0	10.0	Temperate	0	w_planet_sphere_falleen.alo	1.0	150	15	250	10	3	4	5	Yes	_land_planet_dathomir_01.ted	space_Falleen_ROTE.ted	5	5	800							TEXT_PLANET_FALLEEN_INFO_HIS_01									
Duro	Yes	TEXT_OBJECT_STAR_SYSTEM_DURO	200.0	-108.0	10.0	Desert	0	w_planet_sphere_desert.alo	1.0	150	15	250	10	5	4	5	Yes	_land_planet_byss_02.ted	space_Desert_ROTE.ted	5	5	800							TEXT_PLANET_DURO_INFO_HIS_01									
Exocron	Yes	TEXT_OBJECT_STAR_SYSTEM_EXOCRON	339.0	-1100.0	10.0	Forest	0	w_planet_sphere_forest03.alo	1.0	150	15	250	10	5	4	5	Yes	_land_planet_corellia_02.ted	space_Forest03_ROTE.ted	5	5	800							TEXT_PLANET_EXOCRON_INFO_HIS_01									
Exogol	Yes	TEXT_OBJECT_STAR_SYSTEM_EXOGOL	-526.0	252.0	10.0	Arctic	0	w_planet_sphere_Exogol.alo	1.0	150	15	250	10	5	4	5	Yes	_land_planet_alzociii_02.ted	space_Exogol_ROTE.ted	5	5	800							TEXT_PLANET_EXOGOL_INFO_HIS_01									
EttiIV	Yes	TEXT_OBJECT_STAR_SYSTEM_ETTI	880.0	779.0	10.0	Temperate	0	w_planet_sphere_temperate02.alo	1.0	150	15	250	10	5	4	5	Yes	_land_planet_eriadu_02.ted	space_Temperate02_ROTE.ted	5	5	800							TEXT_PLANET_ETTI_INFO_HIS_01									
Eriadu	Yes	TEXT_OBJECT_STAR_SYSTEM_ERIADU	297.0	-953.0	10.0	Temperate	0	w_planet_sphere_eriadu.alo	1.0	150	15	250	10	5	4	5	Yes	_land_planet_eriadu_02.ted	space_Eriadu_ROTE.ted	5	5	800							TEXT_PLANET_ERIADU_INFO_HIS_01									
Endor	Yes	TEXT_OBJECT_STAR_SYSTEM_ENDOR	-220.0	-736.0	10.0	Forest	0	w_planet_sphere_endor_system.alo	1.3	150	15	250	10	4	4	5	Yes	_land_planet_endor_02.ted	space_Endor_ROTE.ted	5	5	800							TEXT_PLANET_ENDOR_INFO_HIS_01									
Eadu	Yes	TEXT_OBJECT_STAR_SYSTEM_EADU	988.0	1.0	10.0	Temperate	0	w_planet_sphere_eadu.alo	1.0	150	15	250	10	4	4	5	Yes	_Land_Planet_Fresia_02.ted	space_Eadu_ROTE.ted	5	5	800							TEXT_PLANET_EADU_INFO_HIS_01									
DQar	Yes	TEXT_OBJECT_STAR_SYSTEM_DQAR	449.0	-905.0	10.0	Temperate	0	w_planet_sphere_dqar.alo	1.0	150	15	250	10	4	4	5	Yes	_land_planet_kuat_02.ted	space_DQar_ROTE.ted	5	5	800							TEXT_PLANET_DQAR_INFO_HIS_01									
Dromund	Yes	TEXT_OBJECT_STAR_SYSTEM_DROMUND	706.0	614.0	10.0	Forest	0	w_planet_sphere_dromundkaas.alo	1.0	150	15	250	10	5	4	5	Yes	_land_planet_myrkr_01.ted	space_Dromund_ROTE.ted	5	5	800							TEXT_PLANET_DROMUND_INFO_HIS_01									
Dolomar	Yes	TEXT_OBJECT_STAR_SYSTEM_DOLOMAR	-75.0	80.0	10.0	Swamp	0	w_planet_sphere_swamp01.alo	1.0	150	15	250	10	4	4	5	Yes	_land_planet_bothawui_02.ted	space_Swamp01_ROTE.ted	5	5	800							TEXT_PLANET_DOLOMAR_INFO_HIS_01									
Devaron	Yes	TEXT_OBJECT_STAR_SYSTEM_DEVARON	189.0	-231.0	10.0	Swamp	0	w_planet_sphere_swamp01.alo	1.0	150	15	250	10	5	4	5	Yes	_land_planet_dagobah_02.ted	space_Swamp01_ROTE.ted	5	5	800							TEXT_PLANET_DEVARON_INFO_HIS_01									
Despayre	Yes	TEXT_OBJECT_STAR_SYSTEM_DESPAYRE	784.0	1.0	10.0	Swamp	0	w_planet_sphere_swamp02.alo	1.0	150	15	250	10	5	4	5	Yes	_land_planet_wayland_02.ted	space_Swamp02_ROTE.ted	5	5	800							TEXT_PLANET_DESPAYRE_INFO_HIS_01									
Dantooine	Yes	TEXT_OBJECT_STAR_SYSTEM_DANTOOINE	38.0	655.0	10.0	Temperate	0	w_planet_sphere_temperate02.alo	1.0	150	15	250	10	5	4	5	Yes	_land_planet_dantooine_02.ted	space_Temperate02_ROTE.ted	5	5	800							TEXT_PLANET_DANTOOINE_INFO_HIS_01									
Dathomir	Yes	TEXT_OBJECT_STAR_SYSTEM_DATHOMIR	363.0	418.0	10.0	Temperate	0	w_planet_sphere_dathomir.alo	1.0	150	15	250	10	5	4	5	Yes	_land_planet_dathomir_01.ted	space_Dathomir_ROTE.ted	5	5	800							TEXT_PLANET_DATHOMIR_INFO_HIS_01									
Dagobah	Yes	TEXT_OBJECT_STAR_SYSTEM_DAGOBAH	314.0	-1028.0	10.0	Swamp	0	w_planet_sphere_dagobah.alo	1.0	150	15	250	10	4	4	5	Yes	_land_planet_dagobah_02.ted	space_Dagobah_ROTE.ted	5	5	800							TEXT_PLANET_DAGOBAH_INFO_HIS_01									
Calus	Yes	TEXT_OBJECT_STAR_SYSTEM_CALUS	120.0	-508.0	10.0	Swamp	0	w_planet_sphere_swamp01.alo	1.0	150	15	250	10	4	4	5	Yes	_land_planet_bothawui_02.ted	space_Swamp01_ROTE.ted	5	5	800							TEXT_PLANET_CALUS_INFO_HIS_01									
Carida	Yes	TEXT_OBJECT_STAR_SYSTEM_CARIDA	255.0	187.0	10.0	Temperate	0	w_planet_sphere_carida.alo	1.0	150	15	250	10	7	4	5	Yes	_land_planet_carida_02.ted	space_Carida_ROTE.ted	5	5	800							TEXT_PLANET_CARIDA_INFO_HIS_01									
Chandrila	Yes	TEXT_OBJECT_STAR_SYSTEM_CHANDRILA	109.0	126.0	10.0	Temperate	0	w_planet_sphere_temperate02.alo	1.0	150	15	250	10	6	4	5	Yes	_land_planet_taris_02.ted	space_Temperate02_ROTE.ted	5	5	800							TEXT_PLANET_CHANDRILA_INFO_HIS_01									
Corulag	Yes	TEXT_OBJECT_STAR_SYSTEM_CORULAG	76.0	109.0	10.0	Forest	0	w_planet_sphere_forest03.alo	1.0	150	15	250	10	6	4	5	Yes	_land_planet_corulag_02.ted	space_Forest03_ROTE.ted	5	5	800							TEXT_PLANET_CORULAG_INFO_HIS_01									
Csilla	Yes	TEXT_OBJECT_STAR_SYSTEM_CSILLA	-449.0	222.0	10.0	Arctic	0	w_planet_sphere_csilla.alo	1.0	150	15	250	10	5	4	5	Yes	_land_planet_ilum_02.ted	space_Csilla_ROTE.ted	5	5	800							TEXT_PLANET_CSILLA_INFO_HIS_01									
Crait	Yes	TEXT_OBJECT_STAR_SYSTEM_CRAIT	372.0	-835.0	10.0	Arctic	0	w_planet_sphere_crait.alo	1.0	150	15	250	10	5	4	5	Yes	_land_planet_ilum_02.ted	space_Crait_ROTE.ted	5	5	800							TEXT_PLANET_CRAIT_INFO_HIS_01									
Coruscant	Yes	TEXT_OBJECT_STAR_SYSTEM_CORUSCANT	-27.0	56.0	10.0	Urban	0	w_planet_sphere_coruscant.alo	1.0	150	15	250	10	8	4	5	Yes	_land_planet_coruscant_02.ted	space_Coruscant_ROTE.ted	5	5	800							TEXT_PLANET_CORUSCANT_INFO_HIS_01									
Christophsis	Yes	TEXT_OBJECT_STAR_SYSTEM_CHRISTOPHIS	543.0	-716.0	10.0	Urban	0	w_planet_sphere_christophsis.alo	1.0	150	15	250	10	8	4	5	Yes	_land_planet_coruscant_02.ted	space_Christophsis_ROTE.ted	5	5	800							TEXT_PLANET_CHRISTOPHIS_INFO_HIS_01									
Corellia	Yes	TEXT_OBJECT_STAR_SYSTEM_CORELLIA	233.0	-88.0	10.0	Temperate	0	w_planet_sphere_corellia.alo	1.0	150	15	250	10	8	4	5	Yes	_land_planet_corellia_02.ted	space_Corellia_ROTE.ted	5	5	800							TEXT_PLANET_CORELLIA_INFO_HIS_01									
Commenor	Yes	TEXT_OBJECT_STAR_SYSTEM_COMMENOR	342.0	-7.0	10.0	Temperate	0	w_planet_sphere_commenor.alo	1.0	150	15	250	10	6	4	5	Yes	_land_planet_jabiim_02.ted	space_Commenor_ROTE.ted	5	5	800							TEXT_PLANET_COMMENOR_INFO_HIS_01									
Celanon	Yes	TEXT_OBJECT_STAR_SYSTEM_CELANON	421.0	446.0	10.0	Temperate	0	w_planet_sphere_temperate.alo	1.0	150	15	250	10	6	4	5	Yes	_land_planet_taris_02.ted	space_Temperate_ROTE.ted	5	5	800							TEXT_PLANET_CELANON_INFO_HIS_01									
CatoNeimoidia	Yes	TEXT_OBJECT_STAR_SYSTEM_CATONEIMOIDIA	330.0	-49.0	10.0	Temperate	0	w_planet_sphere_catoneimodia.alo	1.0	150	15	250	10	6	4	5	Yes	_land_planet_honoghr_01.ted	space_CatoNeimodia_ROTE.ted	5	5	800							TEXT_PLANET_CATONEIMOIDIA_INFO_HIS_01									
Cantonica	Yes	TEXT_OBJECT_STAR_SYSTEM_CANTONICA	929.0	754.0	10.0	Desert	0	w_planet_sphere_cantonica.alo	1.0	150	15	250	10	7	4	5	Yes	_land_planet_carida_02.ted	space_Cantonica_ROTE.ted	5	5	800							TEXT_PLANET_CANTONICA_INFO_HIS_01									
Bandomeer	Yes	TEXT_OBJECT_STAR_SYSTEM_BANDOMEER	376.0	372.0	10.0	Temperate	0	w_planet_sphere_bandomeer.alo	1.0	150	15	250	10	5	4	5	Yes	_land_planet_eriadu_02.ted	space_Bandomeer_ROTE.ted	5	5	800							TEXT_PLANET_BANDOMEER_INFO_HIS_01									
Belderone	Yes	TEXT_OBJECT_STAR_SYSTEM_BELDERONE	730.0	358.0	10.0	Temperate	0	w_planet_sphere_temperate02.alo	1.0	150	15	250	10	6	4	5	Yes	_land_planet_corulag_02.ted	space_Temperate02_ROTE.ted	5	5	800							TEXT_PLANET_BELDERONE_INFO_HIS_01									
Byss	Yes	TEXT_OBJECT_STAR_SYSTEM_BYSS	-27.0	-88.0	10.0	Temperate	0	w_planet_sphere_byss.alo	1.0	150	15	250	10	8	4	5	Yes	_land_planet_byss_02.ted	space_Byss_ROTE.ted	5	5	800							TEXT_PLANET_BYSS_INFO_HIS_01									
Brakka	Yes	TEXT_OBJECT_STAR_SYSTEM_BRAKKA	201.0	305.0	10.0	Forest	0	w_planet_sphere_brakka.alo	1.0	150	15	250	10	7	4	5	Yes	_land_planet_jabiim_02.ted	space_BozPity_ROTE.ted	5	5	800							TEXT_PLANET_BOZPITY_INFO_HIS_01									
BozPity	Yes	TEXT_OBJECT_STAR_SYSTEM_BOZPITY	749.0	124.0	10.0	Forest	0	w_planet_sphere_bozpity.alo	1.0	150	15	250	10	7	4	5	Yes	_land_planet_jabiim_02.ted	space_BozPity_ROTE.ted	5	5	800							TEXT_PLANET_BOZPITY_INFO_HIS_01									
Bothawui	Yes	TEXT_OBJECT_STAR_SYSTEM_BOTHAWUI	637.0	-367.0	10.0	Forest	0	w_planet_sphere_bothawui.alo	1.0	150	15	250	10	7	4	5	Yes	_land_planet_bothawui_02.ted	space_Bothawui_ROTE.ted	5	5	800							TEXT_PLANET_BOTHAWUI_INFO_HIS_01									
Brentaal	Yes	TEXT_OBJECT_STAR_SYSTEM_BRENTAAL	139.0	143.0	10.0	Temperate	0	w_planet_sphere_brentaal.alo	1.0	150	15	250	10	3	4	5	Yes	_land_planet_shola_02.ted	space_Brentaal_ROTE.ted	5	5	800							TEXT_PLANET_BRENTAAL_INFO_HIS_01									
Bimmiel	Yes	TEXT_OBJECT_STAR_SYSTEM_BIMMIEL	273.0	668.0	10.0	Temperate	0	w_planet_sphere_bimmiel.alo	1.0	150	15	250	10	4	4	5	Yes	_land_planet_carida_02.ted	space_Bimmiel_ROTE.ted	5	5	800							TEXT_PLANET_BIMMIEL_INFO_HIS_01									
Bilbringi	Yes	TEXT_OBJECT_STAR_SYSTEM_BILBRINGI	-80.0	230.0	10.0	urban	0	w_planet_sphere_bilbringi.alo	1.0	150	15	250	10	8	4	5	Yes	_land_planet_coruscant_02.ted	space_Bilbringi_ROTE.ted	5	5	800							TEXT_PLANET_BILBRINGI_INFO_HIS_01									
Bestine	Yes	TEXT_OBJECT_STAR_SYSTEM_BESTINE	168.0	-304.0	10.0	temperate	0	w_planet_sphere_bestine.alo	1.0	150	15	250	10	4	4	5	Yes	_land_planet_bestine_02.ted	space_bestine_ROTE.ted	5	5	800							TEXT_PLANET_BESTINE_INFO_HIS_01									
Bespin	Yes	TEXT_OBJECT_STAR_SYSTEM_BESPIN	103.0	-940.0	10.0	Temperate	0	w_planet_sphere_bespin.alo	1.3	150	15	250	10	4	4	5	Yes	_land_planet_bespin_01.ted	space_Bespin_ROTE.ted	5	5	800							TEXT_PLANET_BESPIN_INFO_HIS_01									
Belsavis	Yes	TEXT_OBJECT_STAR_SYSTEM_BELSAVIS	218.0	-938.0	10.0	Arctic	0	w_planet_sphere_ice02.alo	1.0	150	15	250	10	5	4	5	Yes	_land_planet_ilum_02.ted	space_Ice02_ROTE.ted	5	5	800							TEXT_PLANET_BELSAVIS_INFO_HIS_01									
Belkadan	Yes	TEXT_OBJECT_STAR_SYSTEM_BELKADAN	65.0	1130.0	10.0	Temperate	0	w_planet_sphere_belkadan.alo	1.0	150	15	250	10	4	4	5	Yes	_land_planet_anaxes_02.ted	space_Belkadan_ROTE.ted	5	5	800							TEXT_PLANET_BELKADAN_INFO_HIS_01									
Borleias	Yes	TEXT_OBJECT_STAR_SYSTEM_BORLEIAS	-61.0	159.0	10.0	Temperate	0	w_planet_sphere_borleias.alo	1.0	150	15	250	10	6	4	5	Yes	_land_planet_wayland_02.ted	space_Borleias_ROTE.ted	4	4	800							TEXT_PLANET_BORLEIAS_INFO_HIS_01									
Bonadan	Yes	TEXT_OBJECT_STAR_SYSTEM_BONADAN	947.0	795.0	10.0	Desert	0	w_planet_sphere_bonadan.alo	1.0	150	15	250	10	8	4	5	Yes	_land_planet_bonadan_02.ted	space_Bonadan_ROTE.ted	5	5	800							TEXT_PLANET_BONADAN_INFO_HIS_01									
Bakura	Yes	TEXT_OBJECT_STAR_SYSTEM_BAKURA	-345.0	-714.0	10.0	Desert	0	w_planet_sphere_ocean01.alo	1.0	150	15	250	10	7	4	5	Yes	_land_planet_carida_02.ted	space_Ocean01_ROTE.ted	5	5	800							TEXT_PLANET_BAKURA_INFO_HIS_01									
Bastion	Yes	TEXT_OBJECT_STAR_SYSTEM_BASTION	-67.0	870.0	10.0	Desert	0	w_planet_sphere_desert.alo	1.0	150	15	250	10	4	4	5	Yes	_land_planet_tatooine_02.ted	space_Desert_ROTE.ted	5	5	800							TEXT_PLANET_BASTION_INFO_HIS_01									
Balmorra	Yes	TEXT_OBJECT_STAR_SYSTEM_BALMORRA	303.0	27.0	10.0	Temperate	0	w_planet_sphere_balmorra.alo	1.0	150	15	250	10	7	4	5	Yes	_land_planet_carida_02.ted	space_Balmorra_ROTE.ted	5	5	800							TEXT_PLANET_BALMORRA_INFO_HIS_01									
Arkanis	Yes	TEXT_OBJECT_STAR_SYSTEM_ARKANIS	624.0	-796.0	10.0	Temperate	0	w_planet_sphere_temperate03.alo	1.0	150	15	250	10	5	4	5	Yes	_land_planet_abregadorae_02.ted	space_Temperate03_ROTE.ted	5	5	800							TEXT_PLANET_ARKANIS_INFO_HIS_01									
Arkania	Yes	TEXT_OBJECT_STAR_SYSTEM_ARKANIA	216.0	200.0	10.0	Arctic	0	w_planet_sphere_ice.alo	1.0	150	15	250	10	5	4	5	Yes	_land_planet_ilum_02.ted	space_Ice_ROTE.ted	5	5	800							TEXT_PLANET_ARKANIA_INFO_HIS_01									
Atravis	Yes	TEXT_OBJECT_STAR_SYSTEM_ATRAVIS	258	-1007	10.0	Forest	0	w_planet_sphere_temperate01.alo	1.0	150	15	250	10	4	4	5	Yes	_land_planet_thyferra_02.ted	space_Temperate01_ROTE.ted	5	5	800							TEXT_PLANET_ATRAVIS_INFO_HIS_01									
Alakatha	Yes	TEXT_OBJECT_STAR_SYSTEM_ALAKATHA	245.0	-682.0	10.0	Temperate	0	w_planet_sphere_temperate.alo	1.0	150	15	250	10	4	4	5	Yes	_land_planet_abregadorae_02.ted	space_Temperate_ROTE.ted	5	5	800							TEXT_PLANET_ALAKATHA_INFO_HIS_01									
Atzerri	Yes	TEXT_OBJECT_STAR_SYSTEM_ATZERRI	268.0	-279.0	10.0	Swamp	0	w_planet_sphere_swamp03.alo	1.0	150	15	250	10	5	4	5	Yes	_land_planet_atzerri_02.ted	space_Swamp03_ROTE.ted	5	5	800							TEXT_PLANET_ATZERRI_INFO_HIS_01									
Ambria	Yes	TEXT_OBJECT_STAR_SYSTEM_AMBRIA	425.0	39.0	10.0	Desert	0	w_planet_sphere_ambria.alo	1.0	150	15	250	10	8	4	5	Yes	_land_planet_geonosis_02.ted	space_Ambria_ROTE.ted	5	5	800							TEXT_PLANET_AMBRIA_INFO_HIS_01									
Adumar	Yes	TEXT_OBJECT_STAR_SYSTEM_ADUMAR	-201	407	10.0	Temperate	0	w_planet_sphere_eriadu01.alo	1.0	150	15	250	10	5	4	5	Yes	_land_planet_eriadu_02.ted	space_Eriadu01_ROTE.ted	5	5	800							TEXT_PLANET_ADUMAR_INFO_HIS_01									
Agamar	Yes	TEXT_OBJECT_STAR_SYSTEM_AGAMAR	213.0	475.0	10.0	Temperate	0	w_planet_sphere_agamar.alo	1.0	150	15	250	10	5	4	5	Yes	_land_planet_wayland_02.ted	space_Agamar_ROTE.ted	5	5	800							TEXT_PLANET_AGAMAR_INFO_HIS_01									
Aargonar	Yes	TEXT_OBJECT_STAR_SYSTEM_AARGONAR	639.0	280.0	10.0	Desert	0	w_planet_sphere_desert01.alo	1.0	150	15	250	10	5	4	5	Yes	_land_planet_hypori_01.ted	space_Desert01_ROTE.ted	5	5	800							TEXT_PLANET_AARGONAR_INFO_HIS_01									
Alsakan	Yes	TEXT_OBJECT_STAR_SYSTEM_ALSAKAN	9.0	70.0	10.0	Urban	0	w_planet_sphere_alsakan.alo	1.0	150	15	250	10	8	4	5	Yes	_land_planet_coruscant_02.ted	space_Alsakan_ROTE.ted	5	5	800							TEXT_PLANET_ALSAKAN_INFO_HIS_01									
Axxila	Yes	TEXT_OBJECT_STAR_SYSTEM_AXXILA	367.0	468.0	10.0	Urban	0	w_planet_sphere_axxila.alo	1.0	150	15	250	10	6	4	5	Yes	_land_planet_taris_02.ted	space_Axxila_ROTE.ted	5	5	800							TEXT_PLANET_AXXILA_INFO_HIS_01									
Axum	Yes	TEXT_OBJECT_STAR_SYSTEM_AXUM	34.0	154.0	10.0	Temperate	0	w_planet_sphere_temperate.alo	1.0	150	15	250	10	4	4	5	Yes	_land_planet_anaxes_02.ted	space_Temperate_ROTE.ted	5	5	800							TEXT_PLANET_AXUM_INFO_HIS_01									
Antar	Yes	TEXT_OBJECT_STAR_SYSTEM_ANTAR	369.0	-126.0	10.0	Temperate	0	w_planet_sphere_alarisprime.alo	1.3	150	15	250	10	4	4	5	Yes	_land_planet_anaxes_02.ted	space_AlarisPrime_ROTE.ted	5	5	800							TEXT_PLANET_ANTAR_INFO_HIS_01									
Anoat	Yes	TEXT_OBJECT_STAR_SYSTEM_ANOAT	106.0	-984.0	10.0	Temperate	0	w_planet_sphere_anoat.alo	1.0	150	15	250	10	4	4	5	Yes	_land_planet_anaxes_02.ted	space_Anoat_ROTE.ted	5	5	800							TEXT_PLANET_ANOAT_INFO_HIS_01									
Anaxes	Yes	TEXT_OBJECT_STAR_SYSTEM_ANAXES	44.0	91.0	10.0	Temperate	0	w_planet_sphere_anaxes.alo	1.0	150	15	250	10	4	4	5	Yes	_land_planet_anaxes_02.ted	space_Anaxes_ROTE.ted	5	5	800							TEXT_PLANET_ANAXES_INFO_HIS_01									
Alderaan	Yes	TEXT_OBJECT_STAR_SYSTEM_ALDERAAN	240.0	51.0	10.0	Temperate	0	w_planet_sphere_alderaan.alo	1.0	150	15	250	10	5	4	5	Yes	_land_planet_alderaan_02.ted	space_Alderaan_ROTE.ted	5	5	800							TEXT_PLANET_ALDERAAN_INFO_HIS_01									
Alzoc	Yes	TEXT_OBJECT_STAR_SYSTEM_ALZOCIII	554.0	-1028.0	10.0	Arctic	0	w_planet_sphere_ice.alo	1.0	150	15	250	10	5	4	5	Yes	_land_planet_alzociii_02.ted	space_Ice_ROTE.ted	5	5	800							TEXT_PLANET_ALZOCIII_INFO_HIS_01									
Alarisprime	Yes	TEXT_OBJECT_STAR_SYSTEM_ALARISPRIME	539.0	54.0	10.0	Forest	0	w_planet_sphere_alarisprime.alo	1.3	150	15	250	10	3	4	5	Yes	_land_planet_kashyyyk_02.ted	space_AlarisPrime_ROTE.ted	5	5	800							TEXT_PLANET_ALARISPRIME_INFO_HIS_01									
Akiva	Yes	TEXT_OBJECT_STAR_SYSTEM_AKIVA	461.0	409.0	10.0	Temperate	0	w_planet_sphere_temperate04.alo	1.0	150	15	250	10	4	4	5	Yes	_land_planet_anaxes_02.ted	space_Temperate04_ROTE.ted	5	5	800							TEXT_PLANET_AKIVA_INFO_HIS_01									
Aeten	Yes	TEXT_OBJECT_STAR_SYSTEM_AETENII	-172.0	442.0	10.0	Volcanic	0	w_planet_sphere_aeten.alo	1.0	150	15	250	10	4	4	5	Yes	_land_planet_aetenii_02.ted	space_Aeten_ROTE.ted	5	5	800							TEXT_PLANET_AETENII_INFO_HIS_01									
AchTo	Yes	TEXT_OBJECT_STAR_SYSTEM_AHCHTO	-493.0	-247.0	10.0	Temperate	0	w_planet_sphere_achcto.alo	1.0	150	15	250	10	4	4	5	Yes	_land_planet_kuat_02.ted	space_AhchTo_ROTE.ted	5	5	800							TEXT_PLANET_AHCHTO_INFO_HIS_01									
Abregado_Rae	Yes	TEXT_OBJECT_STAR_SYSTEM_ABREGADORAE	27.0	-192.0	10.0	Temperate	0	w_planet_sphere_temperate01.alo	1.0	150	15	250	10	4	4	5	Yes	_land_planet_abregadorae_02.ted	space_Temperate01_ROTE.ted	5	5	800							TEXT_PLANET_Abregado_Rae_INFO_HIS_01									
Aargau	Yes	TEXT_OBJECT_STAR_SYSTEM_AARGAU	76.0	30.0	10.0	Temperate	0	w_planet_sphere_aargau.alo	1.0	150	15	250	10	4	4	5	Yes	_land_planet_abregadorae_02.ted	space_Aargau_ROTE.ted	5	5	800							TEXT_PLANET_AARGAU_INFO_HIS_01									
